[{"tag":{"S":"NonMRdSG9F_nx0Ux9AlIi/_N_T_/layout"},"path":{"S":"NonMRdSG9F_nx0Ux9AlIi/_not-found"},"revalidatedAt":{"N":"1"}},{"tag":{"S":"NonMRdSG9F_nx0Ux9AlIi/_N_T_/_not-found/layout"},"path":{"S":"NonMRdSG9F_nx0Ux9AlIi/_not-found"},"revalidatedAt":{"N":"1"}},{"tag":{"S":"NonMRdSG9F_nx0Ux9AlIi/_N_T_/_not-found/page"},"path":{"S":"NonMRdSG9F_nx0Ux9AlIi/_not-found"},"revalidatedAt":{"N":"1"}},{"tag":{"S":"NonMRdSG9F_nx0Ux9AlIi/_N_T_/_not-found"},"path":{"S":"NonMRdSG9F_nx0Ux9AlIi/_not-found"},"revalidatedAt":{"N":"1"}},{"tag":{"S":"NonMRdSG9F_nx0Ux9AlIi/_N_T_/layout"},"path":{"S":"NonMRdSG9F_nx0Ux9AlIi/favicon.ico"},"revalidatedAt":{"N":"1"}},{"tag":{"S":"NonMRdSG9F_nx0Ux9AlIi/_N_T_/favicon.ico/layout"},"path":{"S":"NonMRdSG9F_nx0Ux9AlIi/favicon.ico"},"revalidatedAt":{"N":"1"}},{"tag":{"S":"NonMRdSG9F_nx0Ux9AlIi/_N_T_/favicon.ico/route"},"path":{"S":"NonMRdSG9F_nx0Ux9AlIi/favicon.ico"},"revalidatedAt":{"N":"1"}},{"tag":{"S":"NonMRdSG9F_nx0Ux9AlIi/_N_T_/favicon.ico"},"path":{"S":"NonMRdSG9F_nx0Ux9AlIi/favicon.ico"},"revalidatedAt":{"N":"1"}},{"tag":{"S":"NonMRdSG9F_nx0Ux9AlIi/_N_T_/layout"},"path":{"S":"NonMRdSG9F_nx0Ux9AlIi/manifest.webmanifest"},"revalidatedAt":{"N":"1"}},{"tag":{"S":"NonMRdSG9F_nx0Ux9AlIi/_N_T_/manifest.webmanifest/layout"},"path":{"S":"NonMRdSG9F_nx0Ux9AlIi/manifest.webmanifest"},"revalidatedAt":{"N":"1"}},{"tag":{"S":"NonMRdSG9F_nx0Ux9AlIi/_N_T_/manifest.webmanifest/route"},"path":{"S":"NonMRdSG9F_nx0Ux9AlIi/manifest.webmanifest"},"revalidatedAt":{"N":"1"}},{"tag":{"S":"NonMRdSG9F_nx0Ux9AlIi/_N_T_/manifest.webmanifest"},"path":{"S":"NonMRdSG9F_nx0Ux9AlIi/manifest.webmanifest"},"revalidatedAt":{"N":"1"}},{"tag":{"S":"NonMRdSG9F_nx0Ux9AlIi/_N_T_/layout"},"path":{"S":"NonMRdSG9F_nx0Ux9AlIi/robots.txt"},"revalidatedAt":{"N":"1"}},{"tag":{"S":"NonMRdSG9F_nx0Ux9AlIi/_N_T_/robots.txt/layout"},"path":{"S":"NonMRdSG9F_nx0Ux9AlIi/robots.txt"},"revalidatedAt":{"N":"1"}},{"tag":{"S":"NonMRdSG9F_nx0Ux9AlIi/_N_T_/robots.txt/route"},"path":{"S":"NonMRdSG9F_nx0Ux9AlIi/robots.txt"},"revalidatedAt":{"N":"1"}},{"tag":{"S":"NonMRdSG9F_nx0Ux9AlIi/_N_T_/robots.txt"},"path":{"S":"NonMRdSG9F_nx0Ux9AlIi/robots.txt"},"revalidatedAt":{"N":"1"}},{"tag":{"S":"NonMRdSG9F_nx0Ux9AlIi/_N_T_/layout"},"path":{"S":"NonMRdSG9F_nx0Ux9AlIi/sitemap.xml"},"revalidatedAt":{"N":"1"}},{"tag":{"S":"NonMRdSG9F_nx0Ux9AlIi/_N_T_/sitemap.xml/layout"},"path":{"S":"NonMRdSG9F_nx0Ux9AlIi/sitemap.xml"},"revalidatedAt":{"N":"1"}},{"tag":{"S":"NonMRdSG9F_nx0Ux9AlIi/_N_T_/sitemap.xml/route"},"path":{"S":"NonMRdSG9F_nx0Ux9AlIi/sitemap.xml"},"revalidatedAt":{"N":"1"}},{"tag":{"S":"NonMRdSG9F_nx0Ux9AlIi/_N_T_/sitemap.xml"},"path":{"S":"NonMRdSG9F_nx0Ux9AlIi/sitemap.xml"},"revalidatedAt":{"N":"1"}}]