[{"tag":{"S":"wQ_VtDAGigbUJymuFWjMC/_N_T_/layout"},"path":{"S":"wQ_VtDAGigbUJymuFWjMC/_not-found"},"revalidatedAt":{"N":"1"}},{"tag":{"S":"wQ_VtDAGigbUJymuFWjMC/_N_T_/_not-found/layout"},"path":{"S":"wQ_VtDAGigbUJymuFWjMC/_not-found"},"revalidatedAt":{"N":"1"}},{"tag":{"S":"wQ_VtDAGigbUJymuFWjMC/_N_T_/_not-found/page"},"path":{"S":"wQ_VtDAGigbUJymuFWjMC/_not-found"},"revalidatedAt":{"N":"1"}},{"tag":{"S":"wQ_VtDAGigbUJymuFWjMC/_N_T_/_not-found"},"path":{"S":"wQ_VtDAGigbUJymuFWjMC/_not-found"},"revalidatedAt":{"N":"1"}},{"tag":{"S":"wQ_VtDAGigbUJymuFWjMC/_N_T_/layout"},"path":{"S":"wQ_VtDAGigbUJymuFWjMC/favicon.ico"},"revalidatedAt":{"N":"1"}},{"tag":{"S":"wQ_VtDAGigbUJymuFWjMC/_N_T_/favicon.ico/layout"},"path":{"S":"wQ_VtDAGigbUJymuFWjMC/favicon.ico"},"revalidatedAt":{"N":"1"}},{"tag":{"S":"wQ_VtDAGigbUJymuFWjMC/_N_T_/favicon.ico/route"},"path":{"S":"wQ_VtDAGigbUJymuFWjMC/favicon.ico"},"revalidatedAt":{"N":"1"}},{"tag":{"S":"wQ_VtDAGigbUJymuFWjMC/_N_T_/favicon.ico"},"path":{"S":"wQ_VtDAGigbUJymuFWjMC/favicon.ico"},"revalidatedAt":{"N":"1"}},{"tag":{"S":"wQ_VtDAGigbUJymuFWjMC/_N_T_/layout"},"path":{"S":"wQ_VtDAGigbUJymuFWjMC/manifest.webmanifest"},"revalidatedAt":{"N":"1"}},{"tag":{"S":"wQ_VtDAGigbUJymuFWjMC/_N_T_/manifest.webmanifest/layout"},"path":{"S":"wQ_VtDAGigbUJymuFWjMC/manifest.webmanifest"},"revalidatedAt":{"N":"1"}},{"tag":{"S":"wQ_VtDAGigbUJymuFWjMC/_N_T_/manifest.webmanifest/route"},"path":{"S":"wQ_VtDAGigbUJymuFWjMC/manifest.webmanifest"},"revalidatedAt":{"N":"1"}},{"tag":{"S":"wQ_VtDAGigbUJymuFWjMC/_N_T_/manifest.webmanifest"},"path":{"S":"wQ_VtDAGigbUJymuFWjMC/manifest.webmanifest"},"revalidatedAt":{"N":"1"}},{"tag":{"S":"wQ_VtDAGigbUJymuFWjMC/_N_T_/layout"},"path":{"S":"wQ_VtDAGigbUJymuFWjMC/robots.txt"},"revalidatedAt":{"N":"1"}},{"tag":{"S":"wQ_VtDAGigbUJymuFWjMC/_N_T_/robots.txt/layout"},"path":{"S":"wQ_VtDAGigbUJymuFWjMC/robots.txt"},"revalidatedAt":{"N":"1"}},{"tag":{"S":"wQ_VtDAGigbUJymuFWjMC/_N_T_/robots.txt/route"},"path":{"S":"wQ_VtDAGigbUJymuFWjMC/robots.txt"},"revalidatedAt":{"N":"1"}},{"tag":{"S":"wQ_VtDAGigbUJymuFWjMC/_N_T_/robots.txt"},"path":{"S":"wQ_VtDAGigbUJymuFWjMC/robots.txt"},"revalidatedAt":{"N":"1"}},{"tag":{"S":"wQ_VtDAGigbUJymuFWjMC/_N_T_/layout"},"path":{"S":"wQ_VtDAGigbUJymuFWjMC/sitemap.xml"},"revalidatedAt":{"N":"1"}},{"tag":{"S":"wQ_VtDAGigbUJymuFWjMC/_N_T_/sitemap.xml/layout"},"path":{"S":"wQ_VtDAGigbUJymuFWjMC/sitemap.xml"},"revalidatedAt":{"N":"1"}},{"tag":{"S":"wQ_VtDAGigbUJymuFWjMC/_N_T_/sitemap.xml/route"},"path":{"S":"wQ_VtDAGigbUJymuFWjMC/sitemap.xml"},"revalidatedAt":{"N":"1"}},{"tag":{"S":"wQ_VtDAGigbUJymuFWjMC/_N_T_/sitemap.xml"},"path":{"S":"wQ_VtDAGigbUJymuFWjMC/sitemap.xml"},"revalidatedAt":{"N":"1"}}]