[{"tag":{"S":"3K9FtKgrm0Q9oiio-gBpU/_N_T_/layout"},"path":{"S":"3K9FtKgrm0Q9oiio-gBpU/_not-found"},"revalidatedAt":{"N":"1"}},{"tag":{"S":"3K9FtKgrm0Q9oiio-gBpU/_N_T_/_not-found/layout"},"path":{"S":"3K9FtKgrm0Q9oiio-gBpU/_not-found"},"revalidatedAt":{"N":"1"}},{"tag":{"S":"3K9FtKgrm0Q9oiio-gBpU/_N_T_/_not-found/page"},"path":{"S":"3K9FtKgrm0Q9oiio-gBpU/_not-found"},"revalidatedAt":{"N":"1"}},{"tag":{"S":"3K9FtKgrm0Q9oiio-gBpU/_N_T_/_not-found"},"path":{"S":"3K9FtKgrm0Q9oiio-gBpU/_not-found"},"revalidatedAt":{"N":"1"}},{"tag":{"S":"3K9FtKgrm0Q9oiio-gBpU/_N_T_/layout"},"path":{"S":"3K9FtKgrm0Q9oiio-gBpU/favicon.ico"},"revalidatedAt":{"N":"1"}},{"tag":{"S":"3K9FtKgrm0Q9oiio-gBpU/_N_T_/favicon.ico/layout"},"path":{"S":"3K9FtKgrm0Q9oiio-gBpU/favicon.ico"},"revalidatedAt":{"N":"1"}},{"tag":{"S":"3K9FtKgrm0Q9oiio-gBpU/_N_T_/favicon.ico/route"},"path":{"S":"3K9FtKgrm0Q9oiio-gBpU/favicon.ico"},"revalidatedAt":{"N":"1"}},{"tag":{"S":"3K9FtKgrm0Q9oiio-gBpU/_N_T_/favicon.ico"},"path":{"S":"3K9FtKgrm0Q9oiio-gBpU/favicon.ico"},"revalidatedAt":{"N":"1"}},{"tag":{"S":"3K9FtKgrm0Q9oiio-gBpU/_N_T_/layout"},"path":{"S":"3K9FtKgrm0Q9oiio-gBpU/manifest.webmanifest"},"revalidatedAt":{"N":"1"}},{"tag":{"S":"3K9FtKgrm0Q9oiio-gBpU/_N_T_/manifest.webmanifest/layout"},"path":{"S":"3K9FtKgrm0Q9oiio-gBpU/manifest.webmanifest"},"revalidatedAt":{"N":"1"}},{"tag":{"S":"3K9FtKgrm0Q9oiio-gBpU/_N_T_/manifest.webmanifest/route"},"path":{"S":"3K9FtKgrm0Q9oiio-gBpU/manifest.webmanifest"},"revalidatedAt":{"N":"1"}},{"tag":{"S":"3K9FtKgrm0Q9oiio-gBpU/_N_T_/manifest.webmanifest"},"path":{"S":"3K9FtKgrm0Q9oiio-gBpU/manifest.webmanifest"},"revalidatedAt":{"N":"1"}},{"tag":{"S":"3K9FtKgrm0Q9oiio-gBpU/_N_T_/layout"},"path":{"S":"3K9FtKgrm0Q9oiio-gBpU/robots.txt"},"revalidatedAt":{"N":"1"}},{"tag":{"S":"3K9FtKgrm0Q9oiio-gBpU/_N_T_/robots.txt/layout"},"path":{"S":"3K9FtKgrm0Q9oiio-gBpU/robots.txt"},"revalidatedAt":{"N":"1"}},{"tag":{"S":"3K9FtKgrm0Q9oiio-gBpU/_N_T_/robots.txt/route"},"path":{"S":"3K9FtKgrm0Q9oiio-gBpU/robots.txt"},"revalidatedAt":{"N":"1"}},{"tag":{"S":"3K9FtKgrm0Q9oiio-gBpU/_N_T_/robots.txt"},"path":{"S":"3K9FtKgrm0Q9oiio-gBpU/robots.txt"},"revalidatedAt":{"N":"1"}},{"tag":{"S":"3K9FtKgrm0Q9oiio-gBpU/_N_T_/layout"},"path":{"S":"3K9FtKgrm0Q9oiio-gBpU/sitemap.xml"},"revalidatedAt":{"N":"1"}},{"tag":{"S":"3K9FtKgrm0Q9oiio-gBpU/_N_T_/sitemap.xml/layout"},"path":{"S":"3K9FtKgrm0Q9oiio-gBpU/sitemap.xml"},"revalidatedAt":{"N":"1"}},{"tag":{"S":"3K9FtKgrm0Q9oiio-gBpU/_N_T_/sitemap.xml/route"},"path":{"S":"3K9FtKgrm0Q9oiio-gBpU/sitemap.xml"},"revalidatedAt":{"N":"1"}},{"tag":{"S":"3K9FtKgrm0Q9oiio-gBpU/_N_T_/sitemap.xml"},"path":{"S":"3K9FtKgrm0Q9oiio-gBpU/sitemap.xml"},"revalidatedAt":{"N":"1"}}]