[{"tag":{"S":"7YuKw-XoCj8g_7nDIuG9u/_N_T_/layout"},"path":{"S":"7YuKw-XoCj8g_7nDIuG9u/_not-found"},"revalidatedAt":{"N":"1"}},{"tag":{"S":"7YuKw-XoCj8g_7nDIuG9u/_N_T_/_not-found/layout"},"path":{"S":"7YuKw-XoCj8g_7nDIuG9u/_not-found"},"revalidatedAt":{"N":"1"}},{"tag":{"S":"7YuKw-XoCj8g_7nDIuG9u/_N_T_/_not-found/page"},"path":{"S":"7YuKw-XoCj8g_7nDIuG9u/_not-found"},"revalidatedAt":{"N":"1"}},{"tag":{"S":"7YuKw-XoCj8g_7nDIuG9u/_N_T_/_not-found"},"path":{"S":"7YuKw-XoCj8g_7nDIuG9u/_not-found"},"revalidatedAt":{"N":"1"}},{"tag":{"S":"7YuKw-XoCj8g_7nDIuG9u/_N_T_/layout"},"path":{"S":"7YuKw-XoCj8g_7nDIuG9u/manifest.webmanifest"},"revalidatedAt":{"N":"1"}},{"tag":{"S":"7YuKw-XoCj8g_7nDIuG9u/_N_T_/manifest.webmanifest/layout"},"path":{"S":"7YuKw-XoCj8g_7nDIuG9u/manifest.webmanifest"},"revalidatedAt":{"N":"1"}},{"tag":{"S":"7YuKw-XoCj8g_7nDIuG9u/_N_T_/manifest.webmanifest/route"},"path":{"S":"7YuKw-XoCj8g_7nDIuG9u/manifest.webmanifest"},"revalidatedAt":{"N":"1"}},{"tag":{"S":"7YuKw-XoCj8g_7nDIuG9u/_N_T_/manifest.webmanifest"},"path":{"S":"7YuKw-XoCj8g_7nDIuG9u/manifest.webmanifest"},"revalidatedAt":{"N":"1"}},{"tag":{"S":"7YuKw-XoCj8g_7nDIuG9u/_N_T_/layout"},"path":{"S":"7YuKw-XoCj8g_7nDIuG9u/robots.txt"},"revalidatedAt":{"N":"1"}},{"tag":{"S":"7YuKw-XoCj8g_7nDIuG9u/_N_T_/robots.txt/layout"},"path":{"S":"7YuKw-XoCj8g_7nDIuG9u/robots.txt"},"revalidatedAt":{"N":"1"}},{"tag":{"S":"7YuKw-XoCj8g_7nDIuG9u/_N_T_/robots.txt/route"},"path":{"S":"7YuKw-XoCj8g_7nDIuG9u/robots.txt"},"revalidatedAt":{"N":"1"}},{"tag":{"S":"7YuKw-XoCj8g_7nDIuG9u/_N_T_/robots.txt"},"path":{"S":"7YuKw-XoCj8g_7nDIuG9u/robots.txt"},"revalidatedAt":{"N":"1"}},{"tag":{"S":"7YuKw-XoCj8g_7nDIuG9u/_N_T_/layout"},"path":{"S":"7YuKw-XoCj8g_7nDIuG9u/sitemap.xml"},"revalidatedAt":{"N":"1"}},{"tag":{"S":"7YuKw-XoCj8g_7nDIuG9u/_N_T_/sitemap.xml/layout"},"path":{"S":"7YuKw-XoCj8g_7nDIuG9u/sitemap.xml"},"revalidatedAt":{"N":"1"}},{"tag":{"S":"7YuKw-XoCj8g_7nDIuG9u/_N_T_/sitemap.xml/route"},"path":{"S":"7YuKw-XoCj8g_7nDIuG9u/sitemap.xml"},"revalidatedAt":{"N":"1"}},{"tag":{"S":"7YuKw-XoCj8g_7nDIuG9u/_N_T_/sitemap.xml"},"path":{"S":"7YuKw-XoCj8g_7nDIuG9u/sitemap.xml"},"revalidatedAt":{"N":"1"}}]