[{"tag":{"S":"8moj7xD40swEH4DcEUjJo/_N_T_/layout"},"path":{"S":"8moj7xD40swEH4DcEUjJo/_not-found"},"revalidatedAt":{"N":"1"}},{"tag":{"S":"8moj7xD40swEH4DcEUjJo/_N_T_/_not-found/layout"},"path":{"S":"8moj7xD40swEH4DcEUjJo/_not-found"},"revalidatedAt":{"N":"1"}},{"tag":{"S":"8moj7xD40swEH4DcEUjJo/_N_T_/_not-found/page"},"path":{"S":"8moj7xD40swEH4DcEUjJo/_not-found"},"revalidatedAt":{"N":"1"}},{"tag":{"S":"8moj7xD40swEH4DcEUjJo/_N_T_/_not-found"},"path":{"S":"8moj7xD40swEH4DcEUjJo/_not-found"},"revalidatedAt":{"N":"1"}},{"tag":{"S":"8moj7xD40swEH4DcEUjJo/_N_T_/layout"},"path":{"S":"8moj7xD40swEH4DcEUjJo/manifest.webmanifest"},"revalidatedAt":{"N":"1"}},{"tag":{"S":"8moj7xD40swEH4DcEUjJo/_N_T_/manifest.webmanifest/layout"},"path":{"S":"8moj7xD40swEH4DcEUjJo/manifest.webmanifest"},"revalidatedAt":{"N":"1"}},{"tag":{"S":"8moj7xD40swEH4DcEUjJo/_N_T_/manifest.webmanifest/route"},"path":{"S":"8moj7xD40swEH4DcEUjJo/manifest.webmanifest"},"revalidatedAt":{"N":"1"}},{"tag":{"S":"8moj7xD40swEH4DcEUjJo/_N_T_/manifest.webmanifest"},"path":{"S":"8moj7xD40swEH4DcEUjJo/manifest.webmanifest"},"revalidatedAt":{"N":"1"}},{"tag":{"S":"8moj7xD40swEH4DcEUjJo/_N_T_/layout"},"path":{"S":"8moj7xD40swEH4DcEUjJo/robots.txt"},"revalidatedAt":{"N":"1"}},{"tag":{"S":"8moj7xD40swEH4DcEUjJo/_N_T_/robots.txt/layout"},"path":{"S":"8moj7xD40swEH4DcEUjJo/robots.txt"},"revalidatedAt":{"N":"1"}},{"tag":{"S":"8moj7xD40swEH4DcEUjJo/_N_T_/robots.txt/route"},"path":{"S":"8moj7xD40swEH4DcEUjJo/robots.txt"},"revalidatedAt":{"N":"1"}},{"tag":{"S":"8moj7xD40swEH4DcEUjJo/_N_T_/robots.txt"},"path":{"S":"8moj7xD40swEH4DcEUjJo/robots.txt"},"revalidatedAt":{"N":"1"}},{"tag":{"S":"8moj7xD40swEH4DcEUjJo/_N_T_/layout"},"path":{"S":"8moj7xD40swEH4DcEUjJo/sitemap.xml"},"revalidatedAt":{"N":"1"}},{"tag":{"S":"8moj7xD40swEH4DcEUjJo/_N_T_/sitemap.xml/layout"},"path":{"S":"8moj7xD40swEH4DcEUjJo/sitemap.xml"},"revalidatedAt":{"N":"1"}},{"tag":{"S":"8moj7xD40swEH4DcEUjJo/_N_T_/sitemap.xml/route"},"path":{"S":"8moj7xD40swEH4DcEUjJo/sitemap.xml"},"revalidatedAt":{"N":"1"}},{"tag":{"S":"8moj7xD40swEH4DcEUjJo/_N_T_/sitemap.xml"},"path":{"S":"8moj7xD40swEH4DcEUjJo/sitemap.xml"},"revalidatedAt":{"N":"1"}}]