[{"tag":{"S":"5W5Na5v-wYrL8wc3pISG7/_N_T_/layout"},"path":{"S":"5W5Na5v-wYrL8wc3pISG7/_not-found"},"revalidatedAt":{"N":"1"}},{"tag":{"S":"5W5Na5v-wYrL8wc3pISG7/_N_T_/_not-found/layout"},"path":{"S":"5W5Na5v-wYrL8wc3pISG7/_not-found"},"revalidatedAt":{"N":"1"}},{"tag":{"S":"5W5Na5v-wYrL8wc3pISG7/_N_T_/_not-found/page"},"path":{"S":"5W5Na5v-wYrL8wc3pISG7/_not-found"},"revalidatedAt":{"N":"1"}},{"tag":{"S":"5W5Na5v-wYrL8wc3pISG7/_N_T_/_not-found"},"path":{"S":"5W5Na5v-wYrL8wc3pISG7/_not-found"},"revalidatedAt":{"N":"1"}},{"tag":{"S":"5W5Na5v-wYrL8wc3pISG7/_N_T_/layout"},"path":{"S":"5W5Na5v-wYrL8wc3pISG7/manifest.webmanifest"},"revalidatedAt":{"N":"1"}},{"tag":{"S":"5W5Na5v-wYrL8wc3pISG7/_N_T_/manifest.webmanifest/layout"},"path":{"S":"5W5Na5v-wYrL8wc3pISG7/manifest.webmanifest"},"revalidatedAt":{"N":"1"}},{"tag":{"S":"5W5Na5v-wYrL8wc3pISG7/_N_T_/manifest.webmanifest/route"},"path":{"S":"5W5Na5v-wYrL8wc3pISG7/manifest.webmanifest"},"revalidatedAt":{"N":"1"}},{"tag":{"S":"5W5Na5v-wYrL8wc3pISG7/_N_T_/manifest.webmanifest"},"path":{"S":"5W5Na5v-wYrL8wc3pISG7/manifest.webmanifest"},"revalidatedAt":{"N":"1"}},{"tag":{"S":"5W5Na5v-wYrL8wc3pISG7/_N_T_/layout"},"path":{"S":"5W5Na5v-wYrL8wc3pISG7/robots.txt"},"revalidatedAt":{"N":"1"}},{"tag":{"S":"5W5Na5v-wYrL8wc3pISG7/_N_T_/robots.txt/layout"},"path":{"S":"5W5Na5v-wYrL8wc3pISG7/robots.txt"},"revalidatedAt":{"N":"1"}},{"tag":{"S":"5W5Na5v-wYrL8wc3pISG7/_N_T_/robots.txt/route"},"path":{"S":"5W5Na5v-wYrL8wc3pISG7/robots.txt"},"revalidatedAt":{"N":"1"}},{"tag":{"S":"5W5Na5v-wYrL8wc3pISG7/_N_T_/robots.txt"},"path":{"S":"5W5Na5v-wYrL8wc3pISG7/robots.txt"},"revalidatedAt":{"N":"1"}},{"tag":{"S":"5W5Na5v-wYrL8wc3pISG7/_N_T_/layout"},"path":{"S":"5W5Na5v-wYrL8wc3pISG7/sitemap.xml"},"revalidatedAt":{"N":"1"}},{"tag":{"S":"5W5Na5v-wYrL8wc3pISG7/_N_T_/sitemap.xml/layout"},"path":{"S":"5W5Na5v-wYrL8wc3pISG7/sitemap.xml"},"revalidatedAt":{"N":"1"}},{"tag":{"S":"5W5Na5v-wYrL8wc3pISG7/_N_T_/sitemap.xml/route"},"path":{"S":"5W5Na5v-wYrL8wc3pISG7/sitemap.xml"},"revalidatedAt":{"N":"1"}},{"tag":{"S":"5W5Na5v-wYrL8wc3pISG7/_N_T_/sitemap.xml"},"path":{"S":"5W5Na5v-wYrL8wc3pISG7/sitemap.xml"},"revalidatedAt":{"N":"1"}}]