[{"tag":{"S":"J0MekRjRqpd_-G4SXrZZl/_N_T_/layout"},"path":{"S":"J0MekRjRqpd_-G4SXrZZl/_not-found"},"revalidatedAt":{"N":"1"}},{"tag":{"S":"J0MekRjRqpd_-G4SXrZZl/_N_T_/_not-found/layout"},"path":{"S":"J0MekRjRqpd_-G4SXrZZl/_not-found"},"revalidatedAt":{"N":"1"}},{"tag":{"S":"J0MekRjRqpd_-G4SXrZZl/_N_T_/_not-found/page"},"path":{"S":"J0MekRjRqpd_-G4SXrZZl/_not-found"},"revalidatedAt":{"N":"1"}},{"tag":{"S":"J0MekRjRqpd_-G4SXrZZl/_N_T_/_not-found"},"path":{"S":"J0MekRjRqpd_-G4SXrZZl/_not-found"},"revalidatedAt":{"N":"1"}},{"tag":{"S":"J0MekRjRqpd_-G4SXrZZl/_N_T_/layout"},"path":{"S":"J0MekRjRqpd_-G4SXrZZl/manifest.webmanifest"},"revalidatedAt":{"N":"1"}},{"tag":{"S":"J0MekRjRqpd_-G4SXrZZl/_N_T_/manifest.webmanifest/layout"},"path":{"S":"J0MekRjRqpd_-G4SXrZZl/manifest.webmanifest"},"revalidatedAt":{"N":"1"}},{"tag":{"S":"J0MekRjRqpd_-G4SXrZZl/_N_T_/manifest.webmanifest/route"},"path":{"S":"J0MekRjRqpd_-G4SXrZZl/manifest.webmanifest"},"revalidatedAt":{"N":"1"}},{"tag":{"S":"J0MekRjRqpd_-G4SXrZZl/_N_T_/manifest.webmanifest"},"path":{"S":"J0MekRjRqpd_-G4SXrZZl/manifest.webmanifest"},"revalidatedAt":{"N":"1"}},{"tag":{"S":"J0MekRjRqpd_-G4SXrZZl/_N_T_/layout"},"path":{"S":"J0MekRjRqpd_-G4SXrZZl/robots.txt"},"revalidatedAt":{"N":"1"}},{"tag":{"S":"J0MekRjRqpd_-G4SXrZZl/_N_T_/robots.txt/layout"},"path":{"S":"J0MekRjRqpd_-G4SXrZZl/robots.txt"},"revalidatedAt":{"N":"1"}},{"tag":{"S":"J0MekRjRqpd_-G4SXrZZl/_N_T_/robots.txt/route"},"path":{"S":"J0MekRjRqpd_-G4SXrZZl/robots.txt"},"revalidatedAt":{"N":"1"}},{"tag":{"S":"J0MekRjRqpd_-G4SXrZZl/_N_T_/robots.txt"},"path":{"S":"J0MekRjRqpd_-G4SXrZZl/robots.txt"},"revalidatedAt":{"N":"1"}},{"tag":{"S":"J0MekRjRqpd_-G4SXrZZl/_N_T_/layout"},"path":{"S":"J0MekRjRqpd_-G4SXrZZl/sitemap.xml"},"revalidatedAt":{"N":"1"}},{"tag":{"S":"J0MekRjRqpd_-G4SXrZZl/_N_T_/sitemap.xml/layout"},"path":{"S":"J0MekRjRqpd_-G4SXrZZl/sitemap.xml"},"revalidatedAt":{"N":"1"}},{"tag":{"S":"J0MekRjRqpd_-G4SXrZZl/_N_T_/sitemap.xml/route"},"path":{"S":"J0MekRjRqpd_-G4SXrZZl/sitemap.xml"},"revalidatedAt":{"N":"1"}},{"tag":{"S":"J0MekRjRqpd_-G4SXrZZl/_N_T_/sitemap.xml"},"path":{"S":"J0MekRjRqpd_-G4SXrZZl/sitemap.xml"},"revalidatedAt":{"N":"1"}}]