[{"tag":{"S":"qQRDFCVeIzdleRypdNTwA/_N_T_/layout"},"path":{"S":"qQRDFCVeIzdleRypdNTwA/[locale]/about-us"},"revalidatedAt":{"N":"1"}},{"tag":{"S":"qQRDFCVeIzdleRypdNTwA/_N_T_/[locale]/layout"},"path":{"S":"qQRDFCVeIzdleRypdNTwA/[locale]/about-us"},"revalidatedAt":{"N":"1"}},{"tag":{"S":"qQRDFCVeIzdleRypdNTwA/_N_T_/[locale]/(web)/layout"},"path":{"S":"qQRDFCVeIzdleRypdNTwA/[locale]/about-us"},"revalidatedAt":{"N":"1"}},{"tag":{"S":"qQRDFCVeIzdleRypdNTwA/_N_T_/[locale]/(web)/about-us/layout"},"path":{"S":"qQRDFCVeIzdleRypdNTwA/[locale]/about-us"},"revalidatedAt":{"N":"1"}},{"tag":{"S":"qQRDFCVeIzdleRypdNTwA/_N_T_/[locale]/(web)/about-us/page"},"path":{"S":"qQRDFCVeIzdleRypdNTwA/[locale]/about-us"},"revalidatedAt":{"N":"1"}},{"tag":{"S":"qQRDFCVeIzdleRypdNTwA/_N_T_/layout"},"path":{"S":"qQRDFCVeIzdleRypdNTwA/[locale]/contact-us"},"revalidatedAt":{"N":"1"}},{"tag":{"S":"qQRDFCVeIzdleRypdNTwA/_N_T_/[locale]/layout"},"path":{"S":"qQRDFCVeIzdleRypdNTwA/[locale]/contact-us"},"revalidatedAt":{"N":"1"}},{"tag":{"S":"qQRDFCVeIzdleRypdNTwA/_N_T_/[locale]/(web)/layout"},"path":{"S":"qQRDFCVeIzdleRypdNTwA/[locale]/contact-us"},"revalidatedAt":{"N":"1"}},{"tag":{"S":"qQRDFCVeIzdleRypdNTwA/_N_T_/[locale]/(web)/contact-us/layout"},"path":{"S":"qQRDFCVeIzdleRypdNTwA/[locale]/contact-us"},"revalidatedAt":{"N":"1"}},{"tag":{"S":"qQRDFCVeIzdleRypdNTwA/_N_T_/[locale]/(web)/contact-us/page"},"path":{"S":"qQRDFCVeIzdleRypdNTwA/[locale]/contact-us"},"revalidatedAt":{"N":"1"}},{"tag":{"S":"qQRDFCVeIzdleRypdNTwA/_N_T_/layout"},"path":{"S":"qQRDFCVeIzdleRypdNTwA/[locale]/courses/[slug]/[section]/[lesson]"},"revalidatedAt":{"N":"1"}},{"tag":{"S":"qQRDFCVeIzdleRypdNTwA/_N_T_/[locale]/layout"},"path":{"S":"qQRDFCVeIzdleRypdNTwA/[locale]/courses/[slug]/[section]/[lesson]"},"revalidatedAt":{"N":"1"}},{"tag":{"S":"qQRDFCVeIzdleRypdNTwA/_N_T_/[locale]/(web)/layout"},"path":{"S":"qQRDFCVeIzdleRypdNTwA/[locale]/courses/[slug]/[section]/[lesson]"},"revalidatedAt":{"N":"1"}},{"tag":{"S":"qQRDFCVeIzdleRypdNTwA/_N_T_/[locale]/(web)/courses/layout"},"path":{"S":"qQRDFCVeIzdleRypdNTwA/[locale]/courses/[slug]/[section]/[lesson]"},"revalidatedAt":{"N":"1"}},{"tag":{"S":"qQRDFCVeIzdleRypdNTwA/_N_T_/[locale]/(web)/courses/[slug]/layout"},"path":{"S":"qQRDFCVeIzdleRypdNTwA/[locale]/courses/[slug]/[section]/[lesson]"},"revalidatedAt":{"N":"1"}},{"tag":{"S":"qQRDFCVeIzdleRypdNTwA/_N_T_/[locale]/(web)/courses/[slug]/[section]/layout"},"path":{"S":"qQRDFCVeIzdleRypdNTwA/[locale]/courses/[slug]/[section]/[lesson]"},"revalidatedAt":{"N":"1"}},{"tag":{"S":"qQRDFCVeIzdleRypdNTwA/_N_T_/[locale]/(web)/courses/[slug]/[section]/[lesson]/layout"},"path":{"S":"qQRDFCVeIzdleRypdNTwA/[locale]/courses/[slug]/[section]/[lesson]"},"revalidatedAt":{"N":"1"}},{"tag":{"S":"qQRDFCVeIzdleRypdNTwA/_N_T_/[locale]/(web)/courses/[slug]/[section]/[lesson]/page"},"path":{"S":"qQRDFCVeIzdleRypdNTwA/[locale]/courses/[slug]/[section]/[lesson]"},"revalidatedAt":{"N":"1"}},{"tag":{"S":"qQRDFCVeIzdleRypdNTwA/_N_T_/layout"},"path":{"S":"qQRDFCVeIzdleRypdNTwA/[locale]/courses/[slug]/payment/payment-failed"},"revalidatedAt":{"N":"1"}},{"tag":{"S":"qQRDFCVeIzdleRypdNTwA/_N_T_/[locale]/layout"},"path":{"S":"qQRDFCVeIzdleRypdNTwA/[locale]/courses/[slug]/payment/payment-failed"},"revalidatedAt":{"N":"1"}},{"tag":{"S":"qQRDFCVeIzdleRypdNTwA/_N_T_/[locale]/(web)/layout"},"path":{"S":"qQRDFCVeIzdleRypdNTwA/[locale]/courses/[slug]/payment/payment-failed"},"revalidatedAt":{"N":"1"}},{"tag":{"S":"qQRDFCVeIzdleRypdNTwA/_N_T_/[locale]/(web)/courses/layout"},"path":{"S":"qQRDFCVeIzdleRypdNTwA/[locale]/courses/[slug]/payment/payment-failed"},"revalidatedAt":{"N":"1"}},{"tag":{"S":"qQRDFCVeIzdleRypdNTwA/_N_T_/[locale]/(web)/courses/[slug]/layout"},"path":{"S":"qQRDFCVeIzdleRypdNTwA/[locale]/courses/[slug]/payment/payment-failed"},"revalidatedAt":{"N":"1"}},{"tag":{"S":"qQRDFCVeIzdleRypdNTwA/_N_T_/[locale]/(web)/courses/[slug]/payment/layout"},"path":{"S":"qQRDFCVeIzdleRypdNTwA/[locale]/courses/[slug]/payment/payment-failed"},"revalidatedAt":{"N":"1"}},{"tag":{"S":"qQRDFCVeIzdleRypdNTwA/_N_T_/[locale]/(web)/courses/[slug]/payment/payment-failed/layout"},"path":{"S":"qQRDFCVeIzdleRypdNTwA/[locale]/courses/[slug]/payment/payment-failed"},"revalidatedAt":{"N":"1"}},{"tag":{"S":"qQRDFCVeIzdleRypdNTwA/_N_T_/[locale]/(web)/courses/[slug]/payment/payment-failed/page"},"path":{"S":"qQRDFCVeIzdleRypdNTwA/[locale]/courses/[slug]/payment/payment-failed"},"revalidatedAt":{"N":"1"}},{"tag":{"S":"qQRDFCVeIzdleRypdNTwA/_N_T_/layout"},"path":{"S":"qQRDFCVeIzdleRypdNTwA/[locale]/courses/[slug]/payment/payment-success"},"revalidatedAt":{"N":"1"}},{"tag":{"S":"qQRDFCVeIzdleRypdNTwA/_N_T_/[locale]/layout"},"path":{"S":"qQRDFCVeIzdleRypdNTwA/[locale]/courses/[slug]/payment/payment-success"},"revalidatedAt":{"N":"1"}},{"tag":{"S":"qQRDFCVeIzdleRypdNTwA/_N_T_/[locale]/(web)/layout"},"path":{"S":"qQRDFCVeIzdleRypdNTwA/[locale]/courses/[slug]/payment/payment-success"},"revalidatedAt":{"N":"1"}},{"tag":{"S":"qQRDFCVeIzdleRypdNTwA/_N_T_/[locale]/(web)/courses/layout"},"path":{"S":"qQRDFCVeIzdleRypdNTwA/[locale]/courses/[slug]/payment/payment-success"},"revalidatedAt":{"N":"1"}},{"tag":{"S":"qQRDFCVeIzdleRypdNTwA/_N_T_/[locale]/(web)/courses/[slug]/layout"},"path":{"S":"qQRDFCVeIzdleRypdNTwA/[locale]/courses/[slug]/payment/payment-success"},"revalidatedAt":{"N":"1"}},{"tag":{"S":"qQRDFCVeIzdleRypdNTwA/_N_T_/[locale]/(web)/courses/[slug]/payment/layout"},"path":{"S":"qQRDFCVeIzdleRypdNTwA/[locale]/courses/[slug]/payment/payment-success"},"revalidatedAt":{"N":"1"}},{"tag":{"S":"qQRDFCVeIzdleRypdNTwA/_N_T_/[locale]/(web)/courses/[slug]/payment/payment-success/layout"},"path":{"S":"qQRDFCVeIzdleRypdNTwA/[locale]/courses/[slug]/payment/payment-success"},"revalidatedAt":{"N":"1"}},{"tag":{"S":"qQRDFCVeIzdleRypdNTwA/_N_T_/[locale]/(web)/courses/[slug]/payment/payment-success/page"},"path":{"S":"qQRDFCVeIzdleRypdNTwA/[locale]/courses/[slug]/payment/payment-success"},"revalidatedAt":{"N":"1"}},{"tag":{"S":"qQRDFCVeIzdleRypdNTwA/_N_T_/layout"},"path":{"S":"qQRDFCVeIzdleRypdNTwA/[locale]/courses/[slug]/payment"},"revalidatedAt":{"N":"1"}},{"tag":{"S":"qQRDFCVeIzdleRypdNTwA/_N_T_/[locale]/layout"},"path":{"S":"qQRDFCVeIzdleRypdNTwA/[locale]/courses/[slug]/payment"},"revalidatedAt":{"N":"1"}},{"tag":{"S":"qQRDFCVeIzdleRypdNTwA/_N_T_/[locale]/(web)/layout"},"path":{"S":"qQRDFCVeIzdleRypdNTwA/[locale]/courses/[slug]/payment"},"revalidatedAt":{"N":"1"}},{"tag":{"S":"qQRDFCVeIzdleRypdNTwA/_N_T_/[locale]/(web)/courses/layout"},"path":{"S":"qQRDFCVeIzdleRypdNTwA/[locale]/courses/[slug]/payment"},"revalidatedAt":{"N":"1"}},{"tag":{"S":"qQRDFCVeIzdleRypdNTwA/_N_T_/[locale]/(web)/courses/[slug]/layout"},"path":{"S":"qQRDFCVeIzdleRypdNTwA/[locale]/courses/[slug]/payment"},"revalidatedAt":{"N":"1"}},{"tag":{"S":"qQRDFCVeIzdleRypdNTwA/_N_T_/[locale]/(web)/courses/[slug]/payment/layout"},"path":{"S":"qQRDFCVeIzdleRypdNTwA/[locale]/courses/[slug]/payment"},"revalidatedAt":{"N":"1"}},{"tag":{"S":"qQRDFCVeIzdleRypdNTwA/_N_T_/[locale]/(web)/courses/[slug]/payment/page"},"path":{"S":"qQRDFCVeIzdleRypdNTwA/[locale]/courses/[slug]/payment"},"revalidatedAt":{"N":"1"}},{"tag":{"S":"qQRDFCVeIzdleRypdNTwA/_N_T_/layout"},"path":{"S":"qQRDFCVeIzdleRypdNTwA/[locale]/courses/[slug]"},"revalidatedAt":{"N":"1"}},{"tag":{"S":"qQRDFCVeIzdleRypdNTwA/_N_T_/[locale]/layout"},"path":{"S":"qQRDFCVeIzdleRypdNTwA/[locale]/courses/[slug]"},"revalidatedAt":{"N":"1"}},{"tag":{"S":"qQRDFCVeIzdleRypdNTwA/_N_T_/[locale]/(web)/layout"},"path":{"S":"qQRDFCVeIzdleRypdNTwA/[locale]/courses/[slug]"},"revalidatedAt":{"N":"1"}},{"tag":{"S":"qQRDFCVeIzdleRypdNTwA/_N_T_/[locale]/(web)/courses/layout"},"path":{"S":"qQRDFCVeIzdleRypdNTwA/[locale]/courses/[slug]"},"revalidatedAt":{"N":"1"}},{"tag":{"S":"qQRDFCVeIzdleRypdNTwA/_N_T_/[locale]/(web)/courses/[slug]/layout"},"path":{"S":"qQRDFCVeIzdleRypdNTwA/[locale]/courses/[slug]"},"revalidatedAt":{"N":"1"}},{"tag":{"S":"qQRDFCVeIzdleRypdNTwA/_N_T_/[locale]/(web)/courses/[slug]/page"},"path":{"S":"qQRDFCVeIzdleRypdNTwA/[locale]/courses/[slug]"},"revalidatedAt":{"N":"1"}},{"tag":{"S":"qQRDFCVeIzdleRypdNTwA/_N_T_/layout"},"path":{"S":"qQRDFCVeIzdleRypdNTwA/[locale]/courses/preview/[courseId]/[orgId]"},"revalidatedAt":{"N":"1"}},{"tag":{"S":"qQRDFCVeIzdleRypdNTwA/_N_T_/[locale]/layout"},"path":{"S":"qQRDFCVeIzdleRypdNTwA/[locale]/courses/preview/[courseId]/[orgId]"},"revalidatedAt":{"N":"1"}},{"tag":{"S":"qQRDFCVeIzdleRypdNTwA/_N_T_/[locale]/(web)/layout"},"path":{"S":"qQRDFCVeIzdleRypdNTwA/[locale]/courses/preview/[courseId]/[orgId]"},"revalidatedAt":{"N":"1"}},{"tag":{"S":"qQRDFCVeIzdleRypdNTwA/_N_T_/[locale]/(web)/courses/layout"},"path":{"S":"qQRDFCVeIzdleRypdNTwA/[locale]/courses/preview/[courseId]/[orgId]"},"revalidatedAt":{"N":"1"}},{"tag":{"S":"qQRDFCVeIzdleRypdNTwA/_N_T_/[locale]/(web)/courses/preview/layout"},"path":{"S":"qQRDFCVeIzdleRypdNTwA/[locale]/courses/preview/[courseId]/[orgId]"},"revalidatedAt":{"N":"1"}},{"tag":{"S":"qQRDFCVeIzdleRypdNTwA/_N_T_/[locale]/(web)/courses/preview/[courseId]/layout"},"path":{"S":"qQRDFCVeIzdleRypdNTwA/[locale]/courses/preview/[courseId]/[orgId]"},"revalidatedAt":{"N":"1"}},{"tag":{"S":"qQRDFCVeIzdleRypdNTwA/_N_T_/[locale]/(web)/courses/preview/[courseId]/[orgId]/layout"},"path":{"S":"qQRDFCVeIzdleRypdNTwA/[locale]/courses/preview/[courseId]/[orgId]"},"revalidatedAt":{"N":"1"}},{"tag":{"S":"qQRDFCVeIzdleRypdNTwA/_N_T_/[locale]/(web)/courses/preview/[courseId]/[orgId]/page"},"path":{"S":"qQRDFCVeIzdleRypdNTwA/[locale]/courses/preview/[courseId]/[orgId]"},"revalidatedAt":{"N":"1"}},{"tag":{"S":"qQRDFCVeIzdleRypdNTwA/_N_T_/layout"},"path":{"S":"qQRDFCVeIzdleRypdNTwA/[locale]/courses"},"revalidatedAt":{"N":"1"}},{"tag":{"S":"qQRDFCVeIzdleRypdNTwA/_N_T_/[locale]/layout"},"path":{"S":"qQRDFCVeIzdleRypdNTwA/[locale]/courses"},"revalidatedAt":{"N":"1"}},{"tag":{"S":"qQRDFCVeIzdleRypdNTwA/_N_T_/[locale]/(web)/layout"},"path":{"S":"qQRDFCVeIzdleRypdNTwA/[locale]/courses"},"revalidatedAt":{"N":"1"}},{"tag":{"S":"qQRDFCVeIzdleRypdNTwA/_N_T_/[locale]/(web)/courses/layout"},"path":{"S":"qQRDFCVeIzdleRypdNTwA/[locale]/courses"},"revalidatedAt":{"N":"1"}},{"tag":{"S":"qQRDFCVeIzdleRypdNTwA/_N_T_/[locale]/(web)/courses/page"},"path":{"S":"qQRDFCVeIzdleRypdNTwA/[locale]/courses"},"revalidatedAt":{"N":"1"}},{"tag":{"S":"qQRDFCVeIzdleRypdNTwA/_N_T_/layout"},"path":{"S":"qQRDFCVeIzdleRypdNTwA/[locale]/faq"},"revalidatedAt":{"N":"1"}},{"tag":{"S":"qQRDFCVeIzdleRypdNTwA/_N_T_/[locale]/layout"},"path":{"S":"qQRDFCVeIzdleRypdNTwA/[locale]/faq"},"revalidatedAt":{"N":"1"}},{"tag":{"S":"qQRDFCVeIzdleRypdNTwA/_N_T_/[locale]/(web)/layout"},"path":{"S":"qQRDFCVeIzdleRypdNTwA/[locale]/faq"},"revalidatedAt":{"N":"1"}},{"tag":{"S":"qQRDFCVeIzdleRypdNTwA/_N_T_/[locale]/(web)/faq/layout"},"path":{"S":"qQRDFCVeIzdleRypdNTwA/[locale]/faq"},"revalidatedAt":{"N":"1"}},{"tag":{"S":"qQRDFCVeIzdleRypdNTwA/_N_T_/[locale]/(web)/faq/page"},"path":{"S":"qQRDFCVeIzdleRypdNTwA/[locale]/faq"},"revalidatedAt":{"N":"1"}},{"tag":{"S":"qQRDFCVeIzdleRypdNTwA/_N_T_/layout"},"path":{"S":"qQRDFCVeIzdleRypdNTwA/[locale]/introduction"},"revalidatedAt":{"N":"1"}},{"tag":{"S":"qQRDFCVeIzdleRypdNTwA/_N_T_/[locale]/layout"},"path":{"S":"qQRDFCVeIzdleRypdNTwA/[locale]/introduction"},"revalidatedAt":{"N":"1"}},{"tag":{"S":"qQRDFCVeIzdleRypdNTwA/_N_T_/[locale]/(web)/layout"},"path":{"S":"qQRDFCVeIzdleRypdNTwA/[locale]/introduction"},"revalidatedAt":{"N":"1"}},{"tag":{"S":"qQRDFCVeIzdleRypdNTwA/_N_T_/[locale]/(web)/introduction/layout"},"path":{"S":"qQRDFCVeIzdleRypdNTwA/[locale]/introduction"},"revalidatedAt":{"N":"1"}},{"tag":{"S":"qQRDFCVeIzdleRypdNTwA/_N_T_/[locale]/(web)/introduction/page"},"path":{"S":"qQRDFCVeIzdleRypdNTwA/[locale]/introduction"},"revalidatedAt":{"N":"1"}},{"tag":{"S":"qQRDFCVeIzdleRypdNTwA/_N_T_/layout"},"path":{"S":"qQRDFCVeIzdleRypdNTwA/[locale]/news-feed/[slug]"},"revalidatedAt":{"N":"1"}},{"tag":{"S":"qQRDFCVeIzdleRypdNTwA/_N_T_/[locale]/layout"},"path":{"S":"qQRDFCVeIzdleRypdNTwA/[locale]/news-feed/[slug]"},"revalidatedAt":{"N":"1"}},{"tag":{"S":"qQRDFCVeIzdleRypdNTwA/_N_T_/[locale]/(web)/layout"},"path":{"S":"qQRDFCVeIzdleRypdNTwA/[locale]/news-feed/[slug]"},"revalidatedAt":{"N":"1"}},{"tag":{"S":"qQRDFCVeIzdleRypdNTwA/_N_T_/[locale]/(web)/news-feed/layout"},"path":{"S":"qQRDFCVeIzdleRypdNTwA/[locale]/news-feed/[slug]"},"revalidatedAt":{"N":"1"}},{"tag":{"S":"qQRDFCVeIzdleRypdNTwA/_N_T_/[locale]/(web)/news-feed/[slug]/layout"},"path":{"S":"qQRDFCVeIzdleRypdNTwA/[locale]/news-feed/[slug]"},"revalidatedAt":{"N":"1"}},{"tag":{"S":"qQRDFCVeIzdleRypdNTwA/_N_T_/[locale]/(web)/news-feed/[slug]/page"},"path":{"S":"qQRDFCVeIzdleRypdNTwA/[locale]/news-feed/[slug]"},"revalidatedAt":{"N":"1"}},{"tag":{"S":"qQRDFCVeIzdleRypdNTwA/_N_T_/layout"},"path":{"S":"qQRDFCVeIzdleRypdNTwA/[locale]/news-feed/author/[username]/[slug]"},"revalidatedAt":{"N":"1"}},{"tag":{"S":"qQRDFCVeIzdleRypdNTwA/_N_T_/[locale]/layout"},"path":{"S":"qQRDFCVeIzdleRypdNTwA/[locale]/news-feed/author/[username]/[slug]"},"revalidatedAt":{"N":"1"}},{"tag":{"S":"qQRDFCVeIzdleRypdNTwA/_N_T_/[locale]/(web)/layout"},"path":{"S":"qQRDFCVeIzdleRypdNTwA/[locale]/news-feed/author/[username]/[slug]"},"revalidatedAt":{"N":"1"}},{"tag":{"S":"qQRDFCVeIzdleRypdNTwA/_N_T_/[locale]/(web)/news-feed/layout"},"path":{"S":"qQRDFCVeIzdleRypdNTwA/[locale]/news-feed/author/[username]/[slug]"},"revalidatedAt":{"N":"1"}},{"tag":{"S":"qQRDFCVeIzdleRypdNTwA/_N_T_/[locale]/(web)/news-feed/author/layout"},"path":{"S":"qQRDFCVeIzdleRypdNTwA/[locale]/news-feed/author/[username]/[slug]"},"revalidatedAt":{"N":"1"}},{"tag":{"S":"qQRDFCVeIzdleRypdNTwA/_N_T_/[locale]/(web)/news-feed/author/[username]/layout"},"path":{"S":"qQRDFCVeIzdleRypdNTwA/[locale]/news-feed/author/[username]/[slug]"},"revalidatedAt":{"N":"1"}},{"tag":{"S":"qQRDFCVeIzdleRypdNTwA/_N_T_/[locale]/(web)/news-feed/author/[username]/[slug]/layout"},"path":{"S":"qQRDFCVeIzdleRypdNTwA/[locale]/news-feed/author/[username]/[slug]"},"revalidatedAt":{"N":"1"}},{"tag":{"S":"qQRDFCVeIzdleRypdNTwA/_N_T_/[locale]/(web)/news-feed/author/[username]/[slug]/page"},"path":{"S":"qQRDFCVeIzdleRypdNTwA/[locale]/news-feed/author/[username]/[slug]"},"revalidatedAt":{"N":"1"}},{"tag":{"S":"qQRDFCVeIzdleRypdNTwA/_N_T_/layout"},"path":{"S":"qQRDFCVeIzdleRypdNTwA/[locale]/news-feed/author/[username]"},"revalidatedAt":{"N":"1"}},{"tag":{"S":"qQRDFCVeIzdleRypdNTwA/_N_T_/[locale]/layout"},"path":{"S":"qQRDFCVeIzdleRypdNTwA/[locale]/news-feed/author/[username]"},"revalidatedAt":{"N":"1"}},{"tag":{"S":"qQRDFCVeIzdleRypdNTwA/_N_T_/[locale]/(web)/layout"},"path":{"S":"qQRDFCVeIzdleRypdNTwA/[locale]/news-feed/author/[username]"},"revalidatedAt":{"N":"1"}},{"tag":{"S":"qQRDFCVeIzdleRypdNTwA/_N_T_/[locale]/(web)/news-feed/layout"},"path":{"S":"qQRDFCVeIzdleRypdNTwA/[locale]/news-feed/author/[username]"},"revalidatedAt":{"N":"1"}},{"tag":{"S":"qQRDFCVeIzdleRypdNTwA/_N_T_/[locale]/(web)/news-feed/author/layout"},"path":{"S":"qQRDFCVeIzdleRypdNTwA/[locale]/news-feed/author/[username]"},"revalidatedAt":{"N":"1"}},{"tag":{"S":"qQRDFCVeIzdleRypdNTwA/_N_T_/[locale]/(web)/news-feed/author/[username]/layout"},"path":{"S":"qQRDFCVeIzdleRypdNTwA/[locale]/news-feed/author/[username]"},"revalidatedAt":{"N":"1"}},{"tag":{"S":"qQRDFCVeIzdleRypdNTwA/_N_T_/[locale]/(web)/news-feed/author/[username]/page"},"path":{"S":"qQRDFCVeIzdleRypdNTwA/[locale]/news-feed/author/[username]"},"revalidatedAt":{"N":"1"}},{"tag":{"S":"qQRDFCVeIzdleRypdNTwA/_N_T_/layout"},"path":{"S":"qQRDFCVeIzdleRypdNTwA/[locale]/news-feed/category/[id]"},"revalidatedAt":{"N":"1"}},{"tag":{"S":"qQRDFCVeIzdleRypdNTwA/_N_T_/[locale]/layout"},"path":{"S":"qQRDFCVeIzdleRypdNTwA/[locale]/news-feed/category/[id]"},"revalidatedAt":{"N":"1"}},{"tag":{"S":"qQRDFCVeIzdleRypdNTwA/_N_T_/[locale]/(web)/layout"},"path":{"S":"qQRDFCVeIzdleRypdNTwA/[locale]/news-feed/category/[id]"},"revalidatedAt":{"N":"1"}},{"tag":{"S":"qQRDFCVeIzdleRypdNTwA/_N_T_/[locale]/(web)/news-feed/layout"},"path":{"S":"qQRDFCVeIzdleRypdNTwA/[locale]/news-feed/category/[id]"},"revalidatedAt":{"N":"1"}},{"tag":{"S":"qQRDFCVeIzdleRypdNTwA/_N_T_/[locale]/(web)/news-feed/category/layout"},"path":{"S":"qQRDFCVeIzdleRypdNTwA/[locale]/news-feed/category/[id]"},"revalidatedAt":{"N":"1"}},{"tag":{"S":"qQRDFCVeIzdleRypdNTwA/_N_T_/[locale]/(web)/news-feed/category/[id]/layout"},"path":{"S":"qQRDFCVeIzdleRypdNTwA/[locale]/news-feed/category/[id]"},"revalidatedAt":{"N":"1"}},{"tag":{"S":"qQRDFCVeIzdleRypdNTwA/_N_T_/[locale]/(web)/news-feed/category/[id]/page"},"path":{"S":"qQRDFCVeIzdleRypdNTwA/[locale]/news-feed/category/[id]"},"revalidatedAt":{"N":"1"}},{"tag":{"S":"qQRDFCVeIzdleRypdNTwA/_N_T_/layout"},"path":{"S":"qQRDFCVeIzdleRypdNTwA/[locale]/news-feed/hashtag/[id]"},"revalidatedAt":{"N":"1"}},{"tag":{"S":"qQRDFCVeIzdleRypdNTwA/_N_T_/[locale]/layout"},"path":{"S":"qQRDFCVeIzdleRypdNTwA/[locale]/news-feed/hashtag/[id]"},"revalidatedAt":{"N":"1"}},{"tag":{"S":"qQRDFCVeIzdleRypdNTwA/_N_T_/[locale]/(web)/layout"},"path":{"S":"qQRDFCVeIzdleRypdNTwA/[locale]/news-feed/hashtag/[id]"},"revalidatedAt":{"N":"1"}},{"tag":{"S":"qQRDFCVeIzdleRypdNTwA/_N_T_/[locale]/(web)/news-feed/layout"},"path":{"S":"qQRDFCVeIzdleRypdNTwA/[locale]/news-feed/hashtag/[id]"},"revalidatedAt":{"N":"1"}},{"tag":{"S":"qQRDFCVeIzdleRypdNTwA/_N_T_/[locale]/(web)/news-feed/hashtag/layout"},"path":{"S":"qQRDFCVeIzdleRypdNTwA/[locale]/news-feed/hashtag/[id]"},"revalidatedAt":{"N":"1"}},{"tag":{"S":"qQRDFCVeIzdleRypdNTwA/_N_T_/[locale]/(web)/news-feed/hashtag/[id]/layout"},"path":{"S":"qQRDFCVeIzdleRypdNTwA/[locale]/news-feed/hashtag/[id]"},"revalidatedAt":{"N":"1"}},{"tag":{"S":"qQRDFCVeIzdleRypdNTwA/_N_T_/[locale]/(web)/news-feed/hashtag/[id]/page"},"path":{"S":"qQRDFCVeIzdleRypdNTwA/[locale]/news-feed/hashtag/[id]"},"revalidatedAt":{"N":"1"}},{"tag":{"S":"qQRDFCVeIzdleRypdNTwA/_N_T_/layout"},"path":{"S":"qQRDFCVeIzdleRypdNTwA/[locale]/news-feed/list"},"revalidatedAt":{"N":"1"}},{"tag":{"S":"qQRDFCVeIzdleRypdNTwA/_N_T_/[locale]/layout"},"path":{"S":"qQRDFCVeIzdleRypdNTwA/[locale]/news-feed/list"},"revalidatedAt":{"N":"1"}},{"tag":{"S":"qQRDFCVeIzdleRypdNTwA/_N_T_/[locale]/(web)/layout"},"path":{"S":"qQRDFCVeIzdleRypdNTwA/[locale]/news-feed/list"},"revalidatedAt":{"N":"1"}},{"tag":{"S":"qQRDFCVeIzdleRypdNTwA/_N_T_/[locale]/(web)/news-feed/layout"},"path":{"S":"qQRDFCVeIzdleRypdNTwA/[locale]/news-feed/list"},"revalidatedAt":{"N":"1"}},{"tag":{"S":"qQRDFCVeIzdleRypdNTwA/_N_T_/[locale]/(web)/news-feed/list/layout"},"path":{"S":"qQRDFCVeIzdleRypdNTwA/[locale]/news-feed/list"},"revalidatedAt":{"N":"1"}},{"tag":{"S":"qQRDFCVeIzdleRypdNTwA/_N_T_/[locale]/(web)/news-feed/list/page"},"path":{"S":"qQRDFCVeIzdleRypdNTwA/[locale]/news-feed/list"},"revalidatedAt":{"N":"1"}},{"tag":{"S":"qQRDFCVeIzdleRypdNTwA/_N_T_/layout"},"path":{"S":"qQRDFCVeIzdleRypdNTwA/[locale]/news-feed/me/[id]/edit"},"revalidatedAt":{"N":"1"}},{"tag":{"S":"qQRDFCVeIzdleRypdNTwA/_N_T_/[locale]/layout"},"path":{"S":"qQRDFCVeIzdleRypdNTwA/[locale]/news-feed/me/[id]/edit"},"revalidatedAt":{"N":"1"}},{"tag":{"S":"qQRDFCVeIzdleRypdNTwA/_N_T_/[locale]/(web)/layout"},"path":{"S":"qQRDFCVeIzdleRypdNTwA/[locale]/news-feed/me/[id]/edit"},"revalidatedAt":{"N":"1"}},{"tag":{"S":"qQRDFCVeIzdleRypdNTwA/_N_T_/[locale]/(web)/news-feed/layout"},"path":{"S":"qQRDFCVeIzdleRypdNTwA/[locale]/news-feed/me/[id]/edit"},"revalidatedAt":{"N":"1"}},{"tag":{"S":"qQRDFCVeIzdleRypdNTwA/_N_T_/[locale]/(web)/news-feed/me/layout"},"path":{"S":"qQRDFCVeIzdleRypdNTwA/[locale]/news-feed/me/[id]/edit"},"revalidatedAt":{"N":"1"}},{"tag":{"S":"qQRDFCVeIzdleRypdNTwA/_N_T_/[locale]/(web)/news-feed/me/[id]/layout"},"path":{"S":"qQRDFCVeIzdleRypdNTwA/[locale]/news-feed/me/[id]/edit"},"revalidatedAt":{"N":"1"}},{"tag":{"S":"qQRDFCVeIzdleRypdNTwA/_N_T_/[locale]/(web)/news-feed/me/[id]/edit/layout"},"path":{"S":"qQRDFCVeIzdleRypdNTwA/[locale]/news-feed/me/[id]/edit"},"revalidatedAt":{"N":"1"}},{"tag":{"S":"qQRDFCVeIzdleRypdNTwA/_N_T_/[locale]/(web)/news-feed/me/[id]/edit/page"},"path":{"S":"qQRDFCVeIzdleRypdNTwA/[locale]/news-feed/me/[id]/edit"},"revalidatedAt":{"N":"1"}},{"tag":{"S":"qQRDFCVeIzdleRypdNTwA/_N_T_/layout"},"path":{"S":"qQRDFCVeIzdleRypdNTwA/[locale]/news-feed/me/[id]/preview"},"revalidatedAt":{"N":"1"}},{"tag":{"S":"qQRDFCVeIzdleRypdNTwA/_N_T_/[locale]/layout"},"path":{"S":"qQRDFCVeIzdleRypdNTwA/[locale]/news-feed/me/[id]/preview"},"revalidatedAt":{"N":"1"}},{"tag":{"S":"qQRDFCVeIzdleRypdNTwA/_N_T_/[locale]/(web)/layout"},"path":{"S":"qQRDFCVeIzdleRypdNTwA/[locale]/news-feed/me/[id]/preview"},"revalidatedAt":{"N":"1"}},{"tag":{"S":"qQRDFCVeIzdleRypdNTwA/_N_T_/[locale]/(web)/news-feed/layout"},"path":{"S":"qQRDFCVeIzdleRypdNTwA/[locale]/news-feed/me/[id]/preview"},"revalidatedAt":{"N":"1"}},{"tag":{"S":"qQRDFCVeIzdleRypdNTwA/_N_T_/[locale]/(web)/news-feed/me/layout"},"path":{"S":"qQRDFCVeIzdleRypdNTwA/[locale]/news-feed/me/[id]/preview"},"revalidatedAt":{"N":"1"}},{"tag":{"S":"qQRDFCVeIzdleRypdNTwA/_N_T_/[locale]/(web)/news-feed/me/[id]/layout"},"path":{"S":"qQRDFCVeIzdleRypdNTwA/[locale]/news-feed/me/[id]/preview"},"revalidatedAt":{"N":"1"}},{"tag":{"S":"qQRDFCVeIzdleRypdNTwA/_N_T_/[locale]/(web)/news-feed/me/[id]/preview/layout"},"path":{"S":"qQRDFCVeIzdleRypdNTwA/[locale]/news-feed/me/[id]/preview"},"revalidatedAt":{"N":"1"}},{"tag":{"S":"qQRDFCVeIzdleRypdNTwA/_N_T_/[locale]/(web)/news-feed/me/[id]/preview/page"},"path":{"S":"qQRDFCVeIzdleRypdNTwA/[locale]/news-feed/me/[id]/preview"},"revalidatedAt":{"N":"1"}},{"tag":{"S":"qQRDFCVeIzdleRypdNTwA/_N_T_/layout"},"path":{"S":"qQRDFCVeIzdleRypdNTwA/[locale]/news-feed/me/creation"},"revalidatedAt":{"N":"1"}},{"tag":{"S":"qQRDFCVeIzdleRypdNTwA/_N_T_/[locale]/layout"},"path":{"S":"qQRDFCVeIzdleRypdNTwA/[locale]/news-feed/me/creation"},"revalidatedAt":{"N":"1"}},{"tag":{"S":"qQRDFCVeIzdleRypdNTwA/_N_T_/[locale]/(web)/layout"},"path":{"S":"qQRDFCVeIzdleRypdNTwA/[locale]/news-feed/me/creation"},"revalidatedAt":{"N":"1"}},{"tag":{"S":"qQRDFCVeIzdleRypdNTwA/_N_T_/[locale]/(web)/news-feed/layout"},"path":{"S":"qQRDFCVeIzdleRypdNTwA/[locale]/news-feed/me/creation"},"revalidatedAt":{"N":"1"}},{"tag":{"S":"qQRDFCVeIzdleRypdNTwA/_N_T_/[locale]/(web)/news-feed/me/layout"},"path":{"S":"qQRDFCVeIzdleRypdNTwA/[locale]/news-feed/me/creation"},"revalidatedAt":{"N":"1"}},{"tag":{"S":"qQRDFCVeIzdleRypdNTwA/_N_T_/[locale]/(web)/news-feed/me/creation/layout"},"path":{"S":"qQRDFCVeIzdleRypdNTwA/[locale]/news-feed/me/creation"},"revalidatedAt":{"N":"1"}},{"tag":{"S":"qQRDFCVeIzdleRypdNTwA/_N_T_/[locale]/(web)/news-feed/me/creation/page"},"path":{"S":"qQRDFCVeIzdleRypdNTwA/[locale]/news-feed/me/creation"},"revalidatedAt":{"N":"1"}},{"tag":{"S":"qQRDFCVeIzdleRypdNTwA/_N_T_/layout"},"path":{"S":"qQRDFCVeIzdleRypdNTwA/[locale]/news-feed/me/management"},"revalidatedAt":{"N":"1"}},{"tag":{"S":"qQRDFCVeIzdleRypdNTwA/_N_T_/[locale]/layout"},"path":{"S":"qQRDFCVeIzdleRypdNTwA/[locale]/news-feed/me/management"},"revalidatedAt":{"N":"1"}},{"tag":{"S":"qQRDFCVeIzdleRypdNTwA/_N_T_/[locale]/(web)/layout"},"path":{"S":"qQRDFCVeIzdleRypdNTwA/[locale]/news-feed/me/management"},"revalidatedAt":{"N":"1"}},{"tag":{"S":"qQRDFCVeIzdleRypdNTwA/_N_T_/[locale]/(web)/news-feed/layout"},"path":{"S":"qQRDFCVeIzdleRypdNTwA/[locale]/news-feed/me/management"},"revalidatedAt":{"N":"1"}},{"tag":{"S":"qQRDFCVeIzdleRypdNTwA/_N_T_/[locale]/(web)/news-feed/me/layout"},"path":{"S":"qQRDFCVeIzdleRypdNTwA/[locale]/news-feed/me/management"},"revalidatedAt":{"N":"1"}},{"tag":{"S":"qQRDFCVeIzdleRypdNTwA/_N_T_/[locale]/(web)/news-feed/me/management/layout"},"path":{"S":"qQRDFCVeIzdleRypdNTwA/[locale]/news-feed/me/management"},"revalidatedAt":{"N":"1"}},{"tag":{"S":"qQRDFCVeIzdleRypdNTwA/_N_T_/[locale]/(web)/news-feed/me/management/page"},"path":{"S":"qQRDFCVeIzdleRypdNTwA/[locale]/news-feed/me/management"},"revalidatedAt":{"N":"1"}},{"tag":{"S":"qQRDFCVeIzdleRypdNTwA/_N_T_/layout"},"path":{"S":"qQRDFCVeIzdleRypdNTwA/[locale]/news-feed"},"revalidatedAt":{"N":"1"}},{"tag":{"S":"qQRDFCVeIzdleRypdNTwA/_N_T_/[locale]/layout"},"path":{"S":"qQRDFCVeIzdleRypdNTwA/[locale]/news-feed"},"revalidatedAt":{"N":"1"}},{"tag":{"S":"qQRDFCVeIzdleRypdNTwA/_N_T_/[locale]/(web)/layout"},"path":{"S":"qQRDFCVeIzdleRypdNTwA/[locale]/news-feed"},"revalidatedAt":{"N":"1"}},{"tag":{"S":"qQRDFCVeIzdleRypdNTwA/_N_T_/[locale]/(web)/news-feed/layout"},"path":{"S":"qQRDFCVeIzdleRypdNTwA/[locale]/news-feed"},"revalidatedAt":{"N":"1"}},{"tag":{"S":"qQRDFCVeIzdleRypdNTwA/_N_T_/[locale]/(web)/news-feed/page"},"path":{"S":"qQRDFCVeIzdleRypdNTwA/[locale]/news-feed"},"revalidatedAt":{"N":"1"}},{"tag":{"S":"qQRDFCVeIzdleRypdNTwA/_N_T_/layout"},"path":{"S":"qQRDFCVeIzdleRypdNTwA/[locale]/partners"},"revalidatedAt":{"N":"1"}},{"tag":{"S":"qQRDFCVeIzdleRypdNTwA/_N_T_/[locale]/layout"},"path":{"S":"qQRDFCVeIzdleRypdNTwA/[locale]/partners"},"revalidatedAt":{"N":"1"}},{"tag":{"S":"qQRDFCVeIzdleRypdNTwA/_N_T_/[locale]/(web)/layout"},"path":{"S":"qQRDFCVeIzdleRypdNTwA/[locale]/partners"},"revalidatedAt":{"N":"1"}},{"tag":{"S":"qQRDFCVeIzdleRypdNTwA/_N_T_/[locale]/(web)/partners/layout"},"path":{"S":"qQRDFCVeIzdleRypdNTwA/[locale]/partners"},"revalidatedAt":{"N":"1"}},{"tag":{"S":"qQRDFCVeIzdleRypdNTwA/_N_T_/[locale]/(web)/partners/page"},"path":{"S":"qQRDFCVeIzdleRypdNTwA/[locale]/partners"},"revalidatedAt":{"N":"1"}},{"tag":{"S":"qQRDFCVeIzdleRypdNTwA/_N_T_/layout"},"path":{"S":"qQRDFCVeIzdleRypdNTwA/[locale]/ranking/[slug]"},"revalidatedAt":{"N":"1"}},{"tag":{"S":"qQRDFCVeIzdleRypdNTwA/_N_T_/[locale]/layout"},"path":{"S":"qQRDFCVeIzdleRypdNTwA/[locale]/ranking/[slug]"},"revalidatedAt":{"N":"1"}},{"tag":{"S":"qQRDFCVeIzdleRypdNTwA/_N_T_/[locale]/(web)/layout"},"path":{"S":"qQRDFCVeIzdleRypdNTwA/[locale]/ranking/[slug]"},"revalidatedAt":{"N":"1"}},{"tag":{"S":"qQRDFCVeIzdleRypdNTwA/_N_T_/[locale]/(web)/ranking/layout"},"path":{"S":"qQRDFCVeIzdleRypdNTwA/[locale]/ranking/[slug]"},"revalidatedAt":{"N":"1"}},{"tag":{"S":"qQRDFCVeIzdleRypdNTwA/_N_T_/[locale]/(web)/ranking/[slug]/layout"},"path":{"S":"qQRDFCVeIzdleRypdNTwA/[locale]/ranking/[slug]"},"revalidatedAt":{"N":"1"}},{"tag":{"S":"qQRDFCVeIzdleRypdNTwA/_N_T_/[locale]/(web)/ranking/[slug]/page"},"path":{"S":"qQRDFCVeIzdleRypdNTwA/[locale]/ranking/[slug]"},"revalidatedAt":{"N":"1"}},{"tag":{"S":"qQRDFCVeIzdleRypdNTwA/_N_T_/layout"},"path":{"S":"qQRDFCVeIzdleRypdNTwA/[locale]/ranking"},"revalidatedAt":{"N":"1"}},{"tag":{"S":"qQRDFCVeIzdleRypdNTwA/_N_T_/[locale]/layout"},"path":{"S":"qQRDFCVeIzdleRypdNTwA/[locale]/ranking"},"revalidatedAt":{"N":"1"}},{"tag":{"S":"qQRDFCVeIzdleRypdNTwA/_N_T_/[locale]/(web)/layout"},"path":{"S":"qQRDFCVeIzdleRypdNTwA/[locale]/ranking"},"revalidatedAt":{"N":"1"}},{"tag":{"S":"qQRDFCVeIzdleRypdNTwA/_N_T_/[locale]/(web)/ranking/layout"},"path":{"S":"qQRDFCVeIzdleRypdNTwA/[locale]/ranking"},"revalidatedAt":{"N":"1"}},{"tag":{"S":"qQRDFCVeIzdleRypdNTwA/_N_T_/[locale]/(web)/ranking/page"},"path":{"S":"qQRDFCVeIzdleRypdNTwA/[locale]/ranking"},"revalidatedAt":{"N":"1"}},{"tag":{"S":"qQRDFCVeIzdleRypdNTwA/_N_T_/layout"},"path":{"S":"qQRDFCVeIzdleRypdNTwA/[locale]/schedule"},"revalidatedAt":{"N":"1"}},{"tag":{"S":"qQRDFCVeIzdleRypdNTwA/_N_T_/[locale]/layout"},"path":{"S":"qQRDFCVeIzdleRypdNTwA/[locale]/schedule"},"revalidatedAt":{"N":"1"}},{"tag":{"S":"qQRDFCVeIzdleRypdNTwA/_N_T_/[locale]/(web)/layout"},"path":{"S":"qQRDFCVeIzdleRypdNTwA/[locale]/schedule"},"revalidatedAt":{"N":"1"}},{"tag":{"S":"qQRDFCVeIzdleRypdNTwA/_N_T_/[locale]/(web)/schedule/layout"},"path":{"S":"qQRDFCVeIzdleRypdNTwA/[locale]/schedule"},"revalidatedAt":{"N":"1"}},{"tag":{"S":"qQRDFCVeIzdleRypdNTwA/_N_T_/[locale]/(web)/schedule/page"},"path":{"S":"qQRDFCVeIzdleRypdNTwA/[locale]/schedule"},"revalidatedAt":{"N":"1"}},{"tag":{"S":"qQRDFCVeIzdleRypdNTwA/_N_T_/layout"},"path":{"S":"qQRDFCVeIzdleRypdNTwA/[locale]/terms/[terms]"},"revalidatedAt":{"N":"1"}},{"tag":{"S":"qQRDFCVeIzdleRypdNTwA/_N_T_/[locale]/layout"},"path":{"S":"qQRDFCVeIzdleRypdNTwA/[locale]/terms/[terms]"},"revalidatedAt":{"N":"1"}},{"tag":{"S":"qQRDFCVeIzdleRypdNTwA/_N_T_/[locale]/(web)/layout"},"path":{"S":"qQRDFCVeIzdleRypdNTwA/[locale]/terms/[terms]"},"revalidatedAt":{"N":"1"}},{"tag":{"S":"qQRDFCVeIzdleRypdNTwA/_N_T_/[locale]/(web)/terms/layout"},"path":{"S":"qQRDFCVeIzdleRypdNTwA/[locale]/terms/[terms]"},"revalidatedAt":{"N":"1"}},{"tag":{"S":"qQRDFCVeIzdleRypdNTwA/_N_T_/[locale]/(web)/terms/[terms]/layout"},"path":{"S":"qQRDFCVeIzdleRypdNTwA/[locale]/terms/[terms]"},"revalidatedAt":{"N":"1"}},{"tag":{"S":"qQRDFCVeIzdleRypdNTwA/_N_T_/[locale]/(web)/terms/[terms]/page"},"path":{"S":"qQRDFCVeIzdleRypdNTwA/[locale]/terms/[terms]"},"revalidatedAt":{"N":"1"}},{"tag":{"S":"qQRDFCVeIzdleRypdNTwA/_N_T_/layout"},"path":{"S":"qQRDFCVeIzdleRypdNTwA/[locale]/terms"},"revalidatedAt":{"N":"1"}},{"tag":{"S":"qQRDFCVeIzdleRypdNTwA/_N_T_/[locale]/layout"},"path":{"S":"qQRDFCVeIzdleRypdNTwA/[locale]/terms"},"revalidatedAt":{"N":"1"}},{"tag":{"S":"qQRDFCVeIzdleRypdNTwA/_N_T_/[locale]/(web)/layout"},"path":{"S":"qQRDFCVeIzdleRypdNTwA/[locale]/terms"},"revalidatedAt":{"N":"1"}},{"tag":{"S":"qQRDFCVeIzdleRypdNTwA/_N_T_/[locale]/(web)/terms/layout"},"path":{"S":"qQRDFCVeIzdleRypdNTwA/[locale]/terms"},"revalidatedAt":{"N":"1"}},{"tag":{"S":"qQRDFCVeIzdleRypdNTwA/_N_T_/[locale]/(web)/terms/page"},"path":{"S":"qQRDFCVeIzdleRypdNTwA/[locale]/terms"},"revalidatedAt":{"N":"1"}},{"tag":{"S":"qQRDFCVeIzdleRypdNTwA/_N_T_/layout"},"path":{"S":"qQRDFCVeIzdleRypdNTwA/[locale]/user/[user]/certificate/[certificateId]"},"revalidatedAt":{"N":"1"}},{"tag":{"S":"qQRDFCVeIzdleRypdNTwA/_N_T_/[locale]/layout"},"path":{"S":"qQRDFCVeIzdleRypdNTwA/[locale]/user/[user]/certificate/[certificateId]"},"revalidatedAt":{"N":"1"}},{"tag":{"S":"qQRDFCVeIzdleRypdNTwA/_N_T_/[locale]/(web)/layout"},"path":{"S":"qQRDFCVeIzdleRypdNTwA/[locale]/user/[user]/certificate/[certificateId]"},"revalidatedAt":{"N":"1"}},{"tag":{"S":"qQRDFCVeIzdleRypdNTwA/_N_T_/[locale]/(web)/user/layout"},"path":{"S":"qQRDFCVeIzdleRypdNTwA/[locale]/user/[user]/certificate/[certificateId]"},"revalidatedAt":{"N":"1"}},{"tag":{"S":"qQRDFCVeIzdleRypdNTwA/_N_T_/[locale]/(web)/user/[user]/layout"},"path":{"S":"qQRDFCVeIzdleRypdNTwA/[locale]/user/[user]/certificate/[certificateId]"},"revalidatedAt":{"N":"1"}},{"tag":{"S":"qQRDFCVeIzdleRypdNTwA/_N_T_/[locale]/(web)/user/[user]/certificate/layout"},"path":{"S":"qQRDFCVeIzdleRypdNTwA/[locale]/user/[user]/certificate/[certificateId]"},"revalidatedAt":{"N":"1"}},{"tag":{"S":"qQRDFCVeIzdleRypdNTwA/_N_T_/[locale]/(web)/user/[user]/certificate/[certificateId]/layout"},"path":{"S":"qQRDFCVeIzdleRypdNTwA/[locale]/user/[user]/certificate/[certificateId]"},"revalidatedAt":{"N":"1"}},{"tag":{"S":"qQRDFCVeIzdleRypdNTwA/_N_T_/[locale]/(web)/user/[user]/certificate/[certificateId]/page"},"path":{"S":"qQRDFCVeIzdleRypdNTwA/[locale]/user/[user]/certificate/[certificateId]"},"revalidatedAt":{"N":"1"}},{"tag":{"S":"qQRDFCVeIzdleRypdNTwA/_N_T_/layout"},"path":{"S":"qQRDFCVeIzdleRypdNTwA/[locale]/user/[user]/edit/account"},"revalidatedAt":{"N":"1"}},{"tag":{"S":"qQRDFCVeIzdleRypdNTwA/_N_T_/[locale]/layout"},"path":{"S":"qQRDFCVeIzdleRypdNTwA/[locale]/user/[user]/edit/account"},"revalidatedAt":{"N":"1"}},{"tag":{"S":"qQRDFCVeIzdleRypdNTwA/_N_T_/[locale]/(web)/layout"},"path":{"S":"qQRDFCVeIzdleRypdNTwA/[locale]/user/[user]/edit/account"},"revalidatedAt":{"N":"1"}},{"tag":{"S":"qQRDFCVeIzdleRypdNTwA/_N_T_/[locale]/(web)/user/layout"},"path":{"S":"qQRDFCVeIzdleRypdNTwA/[locale]/user/[user]/edit/account"},"revalidatedAt":{"N":"1"}},{"tag":{"S":"qQRDFCVeIzdleRypdNTwA/_N_T_/[locale]/(web)/user/[user]/layout"},"path":{"S":"qQRDFCVeIzdleRypdNTwA/[locale]/user/[user]/edit/account"},"revalidatedAt":{"N":"1"}},{"tag":{"S":"qQRDFCVeIzdleRypdNTwA/_N_T_/[locale]/(web)/user/[user]/edit/layout"},"path":{"S":"qQRDFCVeIzdleRypdNTwA/[locale]/user/[user]/edit/account"},"revalidatedAt":{"N":"1"}},{"tag":{"S":"qQRDFCVeIzdleRypdNTwA/_N_T_/[locale]/(web)/user/[user]/edit/account/layout"},"path":{"S":"qQRDFCVeIzdleRypdNTwA/[locale]/user/[user]/edit/account"},"revalidatedAt":{"N":"1"}},{"tag":{"S":"qQRDFCVeIzdleRypdNTwA/_N_T_/[locale]/(web)/user/[user]/edit/account/page"},"path":{"S":"qQRDFCVeIzdleRypdNTwA/[locale]/user/[user]/edit/account"},"revalidatedAt":{"N":"1"}},{"tag":{"S":"qQRDFCVeIzdleRypdNTwA/_N_T_/layout"},"path":{"S":"qQRDFCVeIzdleRypdNTwA/[locale]/user/[user]/edit/notifications"},"revalidatedAt":{"N":"1"}},{"tag":{"S":"qQRDFCVeIzdleRypdNTwA/_N_T_/[locale]/layout"},"path":{"S":"qQRDFCVeIzdleRypdNTwA/[locale]/user/[user]/edit/notifications"},"revalidatedAt":{"N":"1"}},{"tag":{"S":"qQRDFCVeIzdleRypdNTwA/_N_T_/[locale]/(web)/layout"},"path":{"S":"qQRDFCVeIzdleRypdNTwA/[locale]/user/[user]/edit/notifications"},"revalidatedAt":{"N":"1"}},{"tag":{"S":"qQRDFCVeIzdleRypdNTwA/_N_T_/[locale]/(web)/user/layout"},"path":{"S":"qQRDFCVeIzdleRypdNTwA/[locale]/user/[user]/edit/notifications"},"revalidatedAt":{"N":"1"}},{"tag":{"S":"qQRDFCVeIzdleRypdNTwA/_N_T_/[locale]/(web)/user/[user]/layout"},"path":{"S":"qQRDFCVeIzdleRypdNTwA/[locale]/user/[user]/edit/notifications"},"revalidatedAt":{"N":"1"}},{"tag":{"S":"qQRDFCVeIzdleRypdNTwA/_N_T_/[locale]/(web)/user/[user]/edit/layout"},"path":{"S":"qQRDFCVeIzdleRypdNTwA/[locale]/user/[user]/edit/notifications"},"revalidatedAt":{"N":"1"}},{"tag":{"S":"qQRDFCVeIzdleRypdNTwA/_N_T_/[locale]/(web)/user/[user]/edit/notifications/layout"},"path":{"S":"qQRDFCVeIzdleRypdNTwA/[locale]/user/[user]/edit/notifications"},"revalidatedAt":{"N":"1"}},{"tag":{"S":"qQRDFCVeIzdleRypdNTwA/_N_T_/[locale]/(web)/user/[user]/edit/notifications/page"},"path":{"S":"qQRDFCVeIzdleRypdNTwA/[locale]/user/[user]/edit/notifications"},"revalidatedAt":{"N":"1"}},{"tag":{"S":"qQRDFCVeIzdleRypdNTwA/_N_T_/layout"},"path":{"S":"qQRDFCVeIzdleRypdNTwA/[locale]/user/[user]/edit/password"},"revalidatedAt":{"N":"1"}},{"tag":{"S":"qQRDFCVeIzdleRypdNTwA/_N_T_/[locale]/layout"},"path":{"S":"qQRDFCVeIzdleRypdNTwA/[locale]/user/[user]/edit/password"},"revalidatedAt":{"N":"1"}},{"tag":{"S":"qQRDFCVeIzdleRypdNTwA/_N_T_/[locale]/(web)/layout"},"path":{"S":"qQRDFCVeIzdleRypdNTwA/[locale]/user/[user]/edit/password"},"revalidatedAt":{"N":"1"}},{"tag":{"S":"qQRDFCVeIzdleRypdNTwA/_N_T_/[locale]/(web)/user/layout"},"path":{"S":"qQRDFCVeIzdleRypdNTwA/[locale]/user/[user]/edit/password"},"revalidatedAt":{"N":"1"}},{"tag":{"S":"qQRDFCVeIzdleRypdNTwA/_N_T_/[locale]/(web)/user/[user]/layout"},"path":{"S":"qQRDFCVeIzdleRypdNTwA/[locale]/user/[user]/edit/password"},"revalidatedAt":{"N":"1"}},{"tag":{"S":"qQRDFCVeIzdleRypdNTwA/_N_T_/[locale]/(web)/user/[user]/edit/layout"},"path":{"S":"qQRDFCVeIzdleRypdNTwA/[locale]/user/[user]/edit/password"},"revalidatedAt":{"N":"1"}},{"tag":{"S":"qQRDFCVeIzdleRypdNTwA/_N_T_/[locale]/(web)/user/[user]/edit/password/layout"},"path":{"S":"qQRDFCVeIzdleRypdNTwA/[locale]/user/[user]/edit/password"},"revalidatedAt":{"N":"1"}},{"tag":{"S":"qQRDFCVeIzdleRypdNTwA/_N_T_/[locale]/(web)/user/[user]/edit/password/page"},"path":{"S":"qQRDFCVeIzdleRypdNTwA/[locale]/user/[user]/edit/password"},"revalidatedAt":{"N":"1"}},{"tag":{"S":"qQRDFCVeIzdleRypdNTwA/_N_T_/layout"},"path":{"S":"qQRDFCVeIzdleRypdNTwA/[locale]/user/[user]/edit/privacy"},"revalidatedAt":{"N":"1"}},{"tag":{"S":"qQRDFCVeIzdleRypdNTwA/_N_T_/[locale]/layout"},"path":{"S":"qQRDFCVeIzdleRypdNTwA/[locale]/user/[user]/edit/privacy"},"revalidatedAt":{"N":"1"}},{"tag":{"S":"qQRDFCVeIzdleRypdNTwA/_N_T_/[locale]/(web)/layout"},"path":{"S":"qQRDFCVeIzdleRypdNTwA/[locale]/user/[user]/edit/privacy"},"revalidatedAt":{"N":"1"}},{"tag":{"S":"qQRDFCVeIzdleRypdNTwA/_N_T_/[locale]/(web)/user/layout"},"path":{"S":"qQRDFCVeIzdleRypdNTwA/[locale]/user/[user]/edit/privacy"},"revalidatedAt":{"N":"1"}},{"tag":{"S":"qQRDFCVeIzdleRypdNTwA/_N_T_/[locale]/(web)/user/[user]/layout"},"path":{"S":"qQRDFCVeIzdleRypdNTwA/[locale]/user/[user]/edit/privacy"},"revalidatedAt":{"N":"1"}},{"tag":{"S":"qQRDFCVeIzdleRypdNTwA/_N_T_/[locale]/(web)/user/[user]/edit/layout"},"path":{"S":"qQRDFCVeIzdleRypdNTwA/[locale]/user/[user]/edit/privacy"},"revalidatedAt":{"N":"1"}},{"tag":{"S":"qQRDFCVeIzdleRypdNTwA/_N_T_/[locale]/(web)/user/[user]/edit/privacy/layout"},"path":{"S":"qQRDFCVeIzdleRypdNTwA/[locale]/user/[user]/edit/privacy"},"revalidatedAt":{"N":"1"}},{"tag":{"S":"qQRDFCVeIzdleRypdNTwA/_N_T_/[locale]/(web)/user/[user]/edit/privacy/page"},"path":{"S":"qQRDFCVeIzdleRypdNTwA/[locale]/user/[user]/edit/privacy"},"revalidatedAt":{"N":"1"}},{"tag":{"S":"qQRDFCVeIzdleRypdNTwA/_N_T_/layout"},"path":{"S":"qQRDFCVeIzdleRypdNTwA/[locale]/user/[user]/edit/profile/blogs"},"revalidatedAt":{"N":"1"}},{"tag":{"S":"qQRDFCVeIzdleRypdNTwA/_N_T_/[locale]/layout"},"path":{"S":"qQRDFCVeIzdleRypdNTwA/[locale]/user/[user]/edit/profile/blogs"},"revalidatedAt":{"N":"1"}},{"tag":{"S":"qQRDFCVeIzdleRypdNTwA/_N_T_/[locale]/(web)/layout"},"path":{"S":"qQRDFCVeIzdleRypdNTwA/[locale]/user/[user]/edit/profile/blogs"},"revalidatedAt":{"N":"1"}},{"tag":{"S":"qQRDFCVeIzdleRypdNTwA/_N_T_/[locale]/(web)/user/layout"},"path":{"S":"qQRDFCVeIzdleRypdNTwA/[locale]/user/[user]/edit/profile/blogs"},"revalidatedAt":{"N":"1"}},{"tag":{"S":"qQRDFCVeIzdleRypdNTwA/_N_T_/[locale]/(web)/user/[user]/layout"},"path":{"S":"qQRDFCVeIzdleRypdNTwA/[locale]/user/[user]/edit/profile/blogs"},"revalidatedAt":{"N":"1"}},{"tag":{"S":"qQRDFCVeIzdleRypdNTwA/_N_T_/[locale]/(web)/user/[user]/edit/layout"},"path":{"S":"qQRDFCVeIzdleRypdNTwA/[locale]/user/[user]/edit/profile/blogs"},"revalidatedAt":{"N":"1"}},{"tag":{"S":"qQRDFCVeIzdleRypdNTwA/_N_T_/[locale]/(web)/user/[user]/edit/profile/layout"},"path":{"S":"qQRDFCVeIzdleRypdNTwA/[locale]/user/[user]/edit/profile/blogs"},"revalidatedAt":{"N":"1"}},{"tag":{"S":"qQRDFCVeIzdleRypdNTwA/_N_T_/[locale]/(web)/user/[user]/edit/profile/blogs/layout"},"path":{"S":"qQRDFCVeIzdleRypdNTwA/[locale]/user/[user]/edit/profile/blogs"},"revalidatedAt":{"N":"1"}},{"tag":{"S":"qQRDFCVeIzdleRypdNTwA/_N_T_/[locale]/(web)/user/[user]/edit/profile/blogs/page"},"path":{"S":"qQRDFCVeIzdleRypdNTwA/[locale]/user/[user]/edit/profile/blogs"},"revalidatedAt":{"N":"1"}},{"tag":{"S":"qQRDFCVeIzdleRypdNTwA/_N_T_/layout"},"path":{"S":"qQRDFCVeIzdleRypdNTwA/[locale]/user/[user]/edit/profile/certificates"},"revalidatedAt":{"N":"1"}},{"tag":{"S":"qQRDFCVeIzdleRypdNTwA/_N_T_/[locale]/layout"},"path":{"S":"qQRDFCVeIzdleRypdNTwA/[locale]/user/[user]/edit/profile/certificates"},"revalidatedAt":{"N":"1"}},{"tag":{"S":"qQRDFCVeIzdleRypdNTwA/_N_T_/[locale]/(web)/layout"},"path":{"S":"qQRDFCVeIzdleRypdNTwA/[locale]/user/[user]/edit/profile/certificates"},"revalidatedAt":{"N":"1"}},{"tag":{"S":"qQRDFCVeIzdleRypdNTwA/_N_T_/[locale]/(web)/user/layout"},"path":{"S":"qQRDFCVeIzdleRypdNTwA/[locale]/user/[user]/edit/profile/certificates"},"revalidatedAt":{"N":"1"}},{"tag":{"S":"qQRDFCVeIzdleRypdNTwA/_N_T_/[locale]/(web)/user/[user]/layout"},"path":{"S":"qQRDFCVeIzdleRypdNTwA/[locale]/user/[user]/edit/profile/certificates"},"revalidatedAt":{"N":"1"}},{"tag":{"S":"qQRDFCVeIzdleRypdNTwA/_N_T_/[locale]/(web)/user/[user]/edit/layout"},"path":{"S":"qQRDFCVeIzdleRypdNTwA/[locale]/user/[user]/edit/profile/certificates"},"revalidatedAt":{"N":"1"}},{"tag":{"S":"qQRDFCVeIzdleRypdNTwA/_N_T_/[locale]/(web)/user/[user]/edit/profile/layout"},"path":{"S":"qQRDFCVeIzdleRypdNTwA/[locale]/user/[user]/edit/profile/certificates"},"revalidatedAt":{"N":"1"}},{"tag":{"S":"qQRDFCVeIzdleRypdNTwA/_N_T_/[locale]/(web)/user/[user]/edit/profile/certificates/layout"},"path":{"S":"qQRDFCVeIzdleRypdNTwA/[locale]/user/[user]/edit/profile/certificates"},"revalidatedAt":{"N":"1"}},{"tag":{"S":"qQRDFCVeIzdleRypdNTwA/_N_T_/[locale]/(web)/user/[user]/edit/profile/certificates/page"},"path":{"S":"qQRDFCVeIzdleRypdNTwA/[locale]/user/[user]/edit/profile/certificates"},"revalidatedAt":{"N":"1"}},{"tag":{"S":"qQRDFCVeIzdleRypdNTwA/_N_T_/layout"},"path":{"S":"qQRDFCVeIzdleRypdNTwA/[locale]/user/[user]/edit/profile/courses"},"revalidatedAt":{"N":"1"}},{"tag":{"S":"qQRDFCVeIzdleRypdNTwA/_N_T_/[locale]/layout"},"path":{"S":"qQRDFCVeIzdleRypdNTwA/[locale]/user/[user]/edit/profile/courses"},"revalidatedAt":{"N":"1"}},{"tag":{"S":"qQRDFCVeIzdleRypdNTwA/_N_T_/[locale]/(web)/layout"},"path":{"S":"qQRDFCVeIzdleRypdNTwA/[locale]/user/[user]/edit/profile/courses"},"revalidatedAt":{"N":"1"}},{"tag":{"S":"qQRDFCVeIzdleRypdNTwA/_N_T_/[locale]/(web)/user/layout"},"path":{"S":"qQRDFCVeIzdleRypdNTwA/[locale]/user/[user]/edit/profile/courses"},"revalidatedAt":{"N":"1"}},{"tag":{"S":"qQRDFCVeIzdleRypdNTwA/_N_T_/[locale]/(web)/user/[user]/layout"},"path":{"S":"qQRDFCVeIzdleRypdNTwA/[locale]/user/[user]/edit/profile/courses"},"revalidatedAt":{"N":"1"}},{"tag":{"S":"qQRDFCVeIzdleRypdNTwA/_N_T_/[locale]/(web)/user/[user]/edit/layout"},"path":{"S":"qQRDFCVeIzdleRypdNTwA/[locale]/user/[user]/edit/profile/courses"},"revalidatedAt":{"N":"1"}},{"tag":{"S":"qQRDFCVeIzdleRypdNTwA/_N_T_/[locale]/(web)/user/[user]/edit/profile/layout"},"path":{"S":"qQRDFCVeIzdleRypdNTwA/[locale]/user/[user]/edit/profile/courses"},"revalidatedAt":{"N":"1"}},{"tag":{"S":"qQRDFCVeIzdleRypdNTwA/_N_T_/[locale]/(web)/user/[user]/edit/profile/courses/layout"},"path":{"S":"qQRDFCVeIzdleRypdNTwA/[locale]/user/[user]/edit/profile/courses"},"revalidatedAt":{"N":"1"}},{"tag":{"S":"qQRDFCVeIzdleRypdNTwA/_N_T_/[locale]/(web)/user/[user]/edit/profile/courses/page"},"path":{"S":"qQRDFCVeIzdleRypdNTwA/[locale]/user/[user]/edit/profile/courses"},"revalidatedAt":{"N":"1"}},{"tag":{"S":"qQRDFCVeIzdleRypdNTwA/_N_T_/layout"},"path":{"S":"qQRDFCVeIzdleRypdNTwA/[locale]/user/[user]/edit/profile"},"revalidatedAt":{"N":"1"}},{"tag":{"S":"qQRDFCVeIzdleRypdNTwA/_N_T_/[locale]/layout"},"path":{"S":"qQRDFCVeIzdleRypdNTwA/[locale]/user/[user]/edit/profile"},"revalidatedAt":{"N":"1"}},{"tag":{"S":"qQRDFCVeIzdleRypdNTwA/_N_T_/[locale]/(web)/layout"},"path":{"S":"qQRDFCVeIzdleRypdNTwA/[locale]/user/[user]/edit/profile"},"revalidatedAt":{"N":"1"}},{"tag":{"S":"qQRDFCVeIzdleRypdNTwA/_N_T_/[locale]/(web)/user/layout"},"path":{"S":"qQRDFCVeIzdleRypdNTwA/[locale]/user/[user]/edit/profile"},"revalidatedAt":{"N":"1"}},{"tag":{"S":"qQRDFCVeIzdleRypdNTwA/_N_T_/[locale]/(web)/user/[user]/layout"},"path":{"S":"qQRDFCVeIzdleRypdNTwA/[locale]/user/[user]/edit/profile"},"revalidatedAt":{"N":"1"}},{"tag":{"S":"qQRDFCVeIzdleRypdNTwA/_N_T_/[locale]/(web)/user/[user]/edit/layout"},"path":{"S":"qQRDFCVeIzdleRypdNTwA/[locale]/user/[user]/edit/profile"},"revalidatedAt":{"N":"1"}},{"tag":{"S":"qQRDFCVeIzdleRypdNTwA/_N_T_/[locale]/(web)/user/[user]/edit/profile/layout"},"path":{"S":"qQRDFCVeIzdleRypdNTwA/[locale]/user/[user]/edit/profile"},"revalidatedAt":{"N":"1"}},{"tag":{"S":"qQRDFCVeIzdleRypdNTwA/_N_T_/[locale]/(web)/user/[user]/edit/profile/page"},"path":{"S":"qQRDFCVeIzdleRypdNTwA/[locale]/user/[user]/edit/profile"},"revalidatedAt":{"N":"1"}},{"tag":{"S":"qQRDFCVeIzdleRypdNTwA/_N_T_/layout"},"path":{"S":"qQRDFCVeIzdleRypdNTwA/[locale]/user/[user]"},"revalidatedAt":{"N":"1"}},{"tag":{"S":"qQRDFCVeIzdleRypdNTwA/_N_T_/[locale]/layout"},"path":{"S":"qQRDFCVeIzdleRypdNTwA/[locale]/user/[user]"},"revalidatedAt":{"N":"1"}},{"tag":{"S":"qQRDFCVeIzdleRypdNTwA/_N_T_/[locale]/(web)/layout"},"path":{"S":"qQRDFCVeIzdleRypdNTwA/[locale]/user/[user]"},"revalidatedAt":{"N":"1"}},{"tag":{"S":"qQRDFCVeIzdleRypdNTwA/_N_T_/[locale]/(web)/user/layout"},"path":{"S":"qQRDFCVeIzdleRypdNTwA/[locale]/user/[user]"},"revalidatedAt":{"N":"1"}},{"tag":{"S":"qQRDFCVeIzdleRypdNTwA/_N_T_/[locale]/(web)/user/[user]/layout"},"path":{"S":"qQRDFCVeIzdleRypdNTwA/[locale]/user/[user]"},"revalidatedAt":{"N":"1"}},{"tag":{"S":"qQRDFCVeIzdleRypdNTwA/_N_T_/[locale]/(web)/user/[user]/page"},"path":{"S":"qQRDFCVeIzdleRypdNTwA/[locale]/user/[user]"},"revalidatedAt":{"N":"1"}},{"tag":{"S":"qQRDFCVeIzdleRypdNTwA/_N_T_/layout"},"path":{"S":"qQRDFCVeIzdleRypdNTwA/[locale]/wallet/bank-accounts"},"revalidatedAt":{"N":"1"}},{"tag":{"S":"qQRDFCVeIzdleRypdNTwA/_N_T_/[locale]/layout"},"path":{"S":"qQRDFCVeIzdleRypdNTwA/[locale]/wallet/bank-accounts"},"revalidatedAt":{"N":"1"}},{"tag":{"S":"qQRDFCVeIzdleRypdNTwA/_N_T_/[locale]/(web)/layout"},"path":{"S":"qQRDFCVeIzdleRypdNTwA/[locale]/wallet/bank-accounts"},"revalidatedAt":{"N":"1"}},{"tag":{"S":"qQRDFCVeIzdleRypdNTwA/_N_T_/[locale]/(web)/wallet/layout"},"path":{"S":"qQRDFCVeIzdleRypdNTwA/[locale]/wallet/bank-accounts"},"revalidatedAt":{"N":"1"}},{"tag":{"S":"qQRDFCVeIzdleRypdNTwA/_N_T_/[locale]/(web)/wallet/bank-accounts/layout"},"path":{"S":"qQRDFCVeIzdleRypdNTwA/[locale]/wallet/bank-accounts"},"revalidatedAt":{"N":"1"}},{"tag":{"S":"qQRDFCVeIzdleRypdNTwA/_N_T_/[locale]/(web)/wallet/bank-accounts/page"},"path":{"S":"qQRDFCVeIzdleRypdNTwA/[locale]/wallet/bank-accounts"},"revalidatedAt":{"N":"1"}},{"tag":{"S":"qQRDFCVeIzdleRypdNTwA/_N_T_/layout"},"path":{"S":"qQRDFCVeIzdleRypdNTwA/[locale]/wallet/earning"},"revalidatedAt":{"N":"1"}},{"tag":{"S":"qQRDFCVeIzdleRypdNTwA/_N_T_/[locale]/layout"},"path":{"S":"qQRDFCVeIzdleRypdNTwA/[locale]/wallet/earning"},"revalidatedAt":{"N":"1"}},{"tag":{"S":"qQRDFCVeIzdleRypdNTwA/_N_T_/[locale]/(web)/layout"},"path":{"S":"qQRDFCVeIzdleRypdNTwA/[locale]/wallet/earning"},"revalidatedAt":{"N":"1"}},{"tag":{"S":"qQRDFCVeIzdleRypdNTwA/_N_T_/[locale]/(web)/wallet/layout"},"path":{"S":"qQRDFCVeIzdleRypdNTwA/[locale]/wallet/earning"},"revalidatedAt":{"N":"1"}},{"tag":{"S":"qQRDFCVeIzdleRypdNTwA/_N_T_/[locale]/(web)/wallet/earning/layout"},"path":{"S":"qQRDFCVeIzdleRypdNTwA/[locale]/wallet/earning"},"revalidatedAt":{"N":"1"}},{"tag":{"S":"qQRDFCVeIzdleRypdNTwA/_N_T_/[locale]/(web)/wallet/earning/page"},"path":{"S":"qQRDFCVeIzdleRypdNTwA/[locale]/wallet/earning"},"revalidatedAt":{"N":"1"}},{"tag":{"S":"qQRDFCVeIzdleRypdNTwA/_N_T_/layout"},"path":{"S":"qQRDFCVeIzdleRypdNTwA/[locale]/wallet/history"},"revalidatedAt":{"N":"1"}},{"tag":{"S":"qQRDFCVeIzdleRypdNTwA/_N_T_/[locale]/layout"},"path":{"S":"qQRDFCVeIzdleRypdNTwA/[locale]/wallet/history"},"revalidatedAt":{"N":"1"}},{"tag":{"S":"qQRDFCVeIzdleRypdNTwA/_N_T_/[locale]/(web)/layout"},"path":{"S":"qQRDFCVeIzdleRypdNTwA/[locale]/wallet/history"},"revalidatedAt":{"N":"1"}},{"tag":{"S":"qQRDFCVeIzdleRypdNTwA/_N_T_/[locale]/(web)/wallet/layout"},"path":{"S":"qQRDFCVeIzdleRypdNTwA/[locale]/wallet/history"},"revalidatedAt":{"N":"1"}},{"tag":{"S":"qQRDFCVeIzdleRypdNTwA/_N_T_/[locale]/(web)/wallet/history/layout"},"path":{"S":"qQRDFCVeIzdleRypdNTwA/[locale]/wallet/history"},"revalidatedAt":{"N":"1"}},{"tag":{"S":"qQRDFCVeIzdleRypdNTwA/_N_T_/[locale]/(web)/wallet/history/page"},"path":{"S":"qQRDFCVeIzdleRypdNTwA/[locale]/wallet/history"},"revalidatedAt":{"N":"1"}},{"tag":{"S":"qQRDFCVeIzdleRypdNTwA/_N_T_/layout"},"path":{"S":"qQRDFCVeIzdleRypdNTwA/[locale]/wallet/nft"},"revalidatedAt":{"N":"1"}},{"tag":{"S":"qQRDFCVeIzdleRypdNTwA/_N_T_/[locale]/layout"},"path":{"S":"qQRDFCVeIzdleRypdNTwA/[locale]/wallet/nft"},"revalidatedAt":{"N":"1"}},{"tag":{"S":"qQRDFCVeIzdleRypdNTwA/_N_T_/[locale]/(web)/layout"},"path":{"S":"qQRDFCVeIzdleRypdNTwA/[locale]/wallet/nft"},"revalidatedAt":{"N":"1"}},{"tag":{"S":"qQRDFCVeIzdleRypdNTwA/_N_T_/[locale]/(web)/wallet/layout"},"path":{"S":"qQRDFCVeIzdleRypdNTwA/[locale]/wallet/nft"},"revalidatedAt":{"N":"1"}},{"tag":{"S":"qQRDFCVeIzdleRypdNTwA/_N_T_/[locale]/(web)/wallet/nft/layout"},"path":{"S":"qQRDFCVeIzdleRypdNTwA/[locale]/wallet/nft"},"revalidatedAt":{"N":"1"}},{"tag":{"S":"qQRDFCVeIzdleRypdNTwA/_N_T_/[locale]/(web)/wallet/nft/page"},"path":{"S":"qQRDFCVeIzdleRypdNTwA/[locale]/wallet/nft"},"revalidatedAt":{"N":"1"}},{"tag":{"S":"qQRDFCVeIzdleRypdNTwA/_N_T_/layout"},"path":{"S":"qQRDFCVeIzdleRypdNTwA/[locale]/wallet/withdraw"},"revalidatedAt":{"N":"1"}},{"tag":{"S":"qQRDFCVeIzdleRypdNTwA/_N_T_/[locale]/layout"},"path":{"S":"qQRDFCVeIzdleRypdNTwA/[locale]/wallet/withdraw"},"revalidatedAt":{"N":"1"}},{"tag":{"S":"qQRDFCVeIzdleRypdNTwA/_N_T_/[locale]/(web)/layout"},"path":{"S":"qQRDFCVeIzdleRypdNTwA/[locale]/wallet/withdraw"},"revalidatedAt":{"N":"1"}},{"tag":{"S":"qQRDFCVeIzdleRypdNTwA/_N_T_/[locale]/(web)/wallet/layout"},"path":{"S":"qQRDFCVeIzdleRypdNTwA/[locale]/wallet/withdraw"},"revalidatedAt":{"N":"1"}},{"tag":{"S":"qQRDFCVeIzdleRypdNTwA/_N_T_/[locale]/(web)/wallet/withdraw/layout"},"path":{"S":"qQRDFCVeIzdleRypdNTwA/[locale]/wallet/withdraw"},"revalidatedAt":{"N":"1"}},{"tag":{"S":"qQRDFCVeIzdleRypdNTwA/_N_T_/[locale]/(web)/wallet/withdraw/page"},"path":{"S":"qQRDFCVeIzdleRypdNTwA/[locale]/wallet/withdraw"},"revalidatedAt":{"N":"1"}},{"tag":{"S":"qQRDFCVeIzdleRypdNTwA/_N_T_/layout"},"path":{"S":"qQRDFCVeIzdleRypdNTwA/[locale]/wallet"},"revalidatedAt":{"N":"1"}},{"tag":{"S":"qQRDFCVeIzdleRypdNTwA/_N_T_/[locale]/layout"},"path":{"S":"qQRDFCVeIzdleRypdNTwA/[locale]/wallet"},"revalidatedAt":{"N":"1"}},{"tag":{"S":"qQRDFCVeIzdleRypdNTwA/_N_T_/[locale]/(web)/layout"},"path":{"S":"qQRDFCVeIzdleRypdNTwA/[locale]/wallet"},"revalidatedAt":{"N":"1"}},{"tag":{"S":"qQRDFCVeIzdleRypdNTwA/_N_T_/[locale]/(web)/wallet/layout"},"path":{"S":"qQRDFCVeIzdleRypdNTwA/[locale]/wallet"},"revalidatedAt":{"N":"1"}},{"tag":{"S":"qQRDFCVeIzdleRypdNTwA/_N_T_/[locale]/(web)/wallet/page"},"path":{"S":"qQRDFCVeIzdleRypdNTwA/[locale]/wallet"},"revalidatedAt":{"N":"1"}},{"tag":{"S":"qQRDFCVeIzdleRypdNTwA/_N_T_/layout"},"path":{"S":"qQRDFCVeIzdleRypdNTwA/[locale]"},"revalidatedAt":{"N":"1"}},{"tag":{"S":"qQRDFCVeIzdleRypdNTwA/_N_T_/[locale]/layout"},"path":{"S":"qQRDFCVeIzdleRypdNTwA/[locale]"},"revalidatedAt":{"N":"1"}},{"tag":{"S":"qQRDFCVeIzdleRypdNTwA/_N_T_/[locale]/(web)/layout"},"path":{"S":"qQRDFCVeIzdleRypdNTwA/[locale]"},"revalidatedAt":{"N":"1"}},{"tag":{"S":"qQRDFCVeIzdleRypdNTwA/_N_T_/[locale]/(web)/page"},"path":{"S":"qQRDFCVeIzdleRypdNTwA/[locale]"},"revalidatedAt":{"N":"1"}},{"tag":{"S":"qQRDFCVeIzdleRypdNTwA/_N_T_/layout"},"path":{"S":"qQRDFCVeIzdleRypdNTwA/_not-found"},"revalidatedAt":{"N":"1"}},{"tag":{"S":"qQRDFCVeIzdleRypdNTwA/_N_T_/_not-found/layout"},"path":{"S":"qQRDFCVeIzdleRypdNTwA/_not-found"},"revalidatedAt":{"N":"1"}},{"tag":{"S":"qQRDFCVeIzdleRypdNTwA/_N_T_/_not-found/page"},"path":{"S":"qQRDFCVeIzdleRypdNTwA/_not-found"},"revalidatedAt":{"N":"1"}},{"tag":{"S":"qQRDFCVeIzdleRypdNTwA/_N_T_/_not-found"},"path":{"S":"qQRDFCVeIzdleRypdNTwA/_not-found"},"revalidatedAt":{"N":"1"}},{"tag":{"S":"qQRDFCVeIzdleRypdNTwA/_N_T_/layout"},"path":{"S":"qQRDFCVeIzdleRypdNTwA/manifest.webmanifest"},"revalidatedAt":{"N":"1"}},{"tag":{"S":"qQRDFCVeIzdleRypdNTwA/_N_T_/manifest.webmanifest/layout"},"path":{"S":"qQRDFCVeIzdleRypdNTwA/manifest.webmanifest"},"revalidatedAt":{"N":"1"}},{"tag":{"S":"qQRDFCVeIzdleRypdNTwA/_N_T_/manifest.webmanifest/route"},"path":{"S":"qQRDFCVeIzdleRypdNTwA/manifest.webmanifest"},"revalidatedAt":{"N":"1"}},{"tag":{"S":"qQRDFCVeIzdleRypdNTwA/_N_T_/manifest.webmanifest"},"path":{"S":"qQRDFCVeIzdleRypdNTwA/manifest.webmanifest"},"revalidatedAt":{"N":"1"}},{"tag":{"S":"qQRDFCVeIzdleRypdNTwA/_N_T_/layout"},"path":{"S":"qQRDFCVeIzdleRypdNTwA/robots.txt"},"revalidatedAt":{"N":"1"}},{"tag":{"S":"qQRDFCVeIzdleRypdNTwA/_N_T_/robots.txt/layout"},"path":{"S":"qQRDFCVeIzdleRypdNTwA/robots.txt"},"revalidatedAt":{"N":"1"}},{"tag":{"S":"qQRDFCVeIzdleRypdNTwA/_N_T_/robots.txt/route"},"path":{"S":"qQRDFCVeIzdleRypdNTwA/robots.txt"},"revalidatedAt":{"N":"1"}},{"tag":{"S":"qQRDFCVeIzdleRypdNTwA/_N_T_/robots.txt"},"path":{"S":"qQRDFCVeIzdleRypdNTwA/robots.txt"},"revalidatedAt":{"N":"1"}},{"tag":{"S":"qQRDFCVeIzdleRypdNTwA/_N_T_/layout"},"path":{"S":"qQRDFCVeIzdleRypdNTwA/sitemap.xml"},"revalidatedAt":{"N":"1"}},{"tag":{"S":"qQRDFCVeIzdleRypdNTwA/_N_T_/sitemap.xml/layout"},"path":{"S":"qQRDFCVeIzdleRypdNTwA/sitemap.xml"},"revalidatedAt":{"N":"1"}},{"tag":{"S":"qQRDFCVeIzdleRypdNTwA/_N_T_/sitemap.xml/route"},"path":{"S":"qQRDFCVeIzdleRypdNTwA/sitemap.xml"},"revalidatedAt":{"N":"1"}},{"tag":{"S":"qQRDFCVeIzdleRypdNTwA/_N_T_/sitemap.xml"},"path":{"S":"qQRDFCVeIzdleRypdNTwA/sitemap.xml"},"revalidatedAt":{"N":"1"}}]